,date,mktrf,smb,hml,rmw,cma,rf,mom,liq,bab,ni,resvar,r_me,r_ia,r_roe,r_eg
0,196307,-0.39,-0.44,-0.89,0.68,-1.23,0.27,0.97,,0.81,2.1399999999999997,1.82,,,,
1,196308,5.07,-0.75,1.68,0.36,-0.34,0.25,1.01,,-1.22,1.5099999999999998,-1.0,,,,
2,196309,-1.57,-0.55,0.08,-0.71,0.29,0.27,0.19,,1.07,-1.95,1.86,,,,
3,196310,2.53,-1.37,-0.14,2.8,-2.02,0.29,3.12,,-1.88,-0.09000000000000008,2.75,,,,
4,196311,-0.85,-0.89,1.81,-0.51,2.31,0.27,-0.74,,-0.52,-1.26,2.28,,,,
5,196312,1.83,-2.07,-0.08,0.03,-0.04,0.29,1.75,,0.01,-0.9100000000000001,1.68,,,,
6,196401,2.24,0.11,1.47,0.17,1.51,0.3,0.86,,0.61,-2.4899999999999998,5.1,,,,
7,196402,1.54,0.3,2.74,-0.05,0.9,0.26,0.26,,-0.5,-1.3199999999999998,-0.2899999999999998,,,,
8,196403,1.41,1.36,3.36,-2.21,3.19,0.31,0.75,,-0.19,1.12,-1.1099999999999999,,,,
9,196404,0.1,-1.59,-0.58,-1.27,-1.04,0.29,-0.58,,2.53,0.38,1.2799999999999998,,,,
10,196405,1.42,-0.64,1.82,-0.16,0.14,0.26,2.57,,0.52,0.29000000000000004,0.10999999999999988,,,,
11,196406,1.27,0.31,0.63,-0.28,-0.15,0.3,0.46,,0.79,-0.59,3.46,,,,
12,196407,1.74,0.47,0.75,0.04,1.94,0.3,-0.32,,2.16,-0.48999999999999977,0.20000000000000018,,,,
13,196408,-1.44,0.42,0.08,0.15,0.33,0.28,-0.22,,0.94,-0.3999999999999999,-0.1100000000000001,,,,
14,196409,2.69,-0.33,1.7,-0.54,0.61,0.28,-0.41,,-1.84,-0.48,-2.5,,,,
15,196410,0.59,0.91,1.17,-0.38,0.43,0.29,0.08,,0.62,0.73,1.53,,,,
16,196411,0.0,-0.15,-1.96,0.62,-0.26,0.29,1.03,,1.99,-1.1800000000000002,3.18,,,,
17,196412,0.03,-0.7,-2.48,1.04,-1.48,0.31,-0.74,,-0.03,0.1499999999999999,2.9000000000000004,,,,
18,196501,3.54,2.44,0.12,0.89,0.1,0.28,-1.44,,0.06,0.8200000000000003,-7.890000000000001,,,,
19,196502,0.44,3.29,0.11,0.2,-0.65,0.3,0.32,,-0.09,2.02,-5.2,,,,
20,196503,-1.34,2.11,1.03,-0.36,0.72,0.36,0.15,,-0.47,2.0100000000000002,-1.7200000000000002,,,,
21,196504,3.11,1.11,0.66,0.41,-2.27,0.31,2.63,,-0.44,1.5999999999999999,0.3299999999999996,,,,
22,196505,-0.77,0.13,-1.61,-0.4,0.5,0.31,0.6,,-0.01,-0.51,2.01,,,,
23,196506,-5.51,-4.28,0.59,0.21,0.37,0.35,-3.13,,0.08,-2.37,8.86,,,,
24,196507,1.43,1.07,2.14,-1.37,0.03,0.31,4.12,,-0.96,0.8499999999999999,-1.81,,,,
25,196508,2.73,2.71,-1.02,1.9,-0.74,0.33,2.58,,-1.94,2.1500000000000004,-5.19,,,,
26,196509,2.86,0.62,-0.12,-0.89,0.8,0.31,3.3,,-1.26,0.5900000000000003,-0.22999999999999998,,,,
27,196510,2.6,3.47,1.57,1.17,-0.65,0.31,3.46,,-1.74,0.56,-6.819999999999999,,,,
28,196511,-0.03,5.18,0.1,-1.01,-0.94,0.35,4.45,,-2.06,2.73,-12.649999999999999,,,,
29,196512,1.01,2.66,2.02,-1.14,-0.53,0.33,0.12,,-0.11,0.10999999999999988,-4.57,,,,
30,196601,0.72,4.67,3.53,-2.82,-0.11,0.38,5.39,,1.35,0.6499999999999999,-8.19,,,,
31,196602,-1.21,4.71,0.29,-0.17,-1.49,0.35,4.57,,-1.7,3.12,-9.14,,,,
32,196603,-2.51,0.32,-2.0,1.3,0.06,0.38,1.42,,0.37,-0.6799999999999997,-1.5,,,,
33,196604,2.14,3.34,-0.47,0.39,-0.95,0.34,6.28,,-1.1,2.9000000000000004,-4.85,,,,
34,196605,-5.66,-5.1,-1.61,1.64,-1.52,0.41,-4.7,,0.01,-1.73,8.780000000000001,,,,
35,196606,-1.44,1.37,0.49,0.15,0.78,0.38,3.25,,-1.37,1.4500000000000002,-4.6,,,,
36,196607,-1.63,-0.48,0.99,-0.4,1.82,0.35,-1.4,,-0.02,-0.010000000000000009,3.58,,,,
37,196608,-7.91,-3.14,0.44,-0.12,0.79,0.41,-2.14,,-3.0,-1.6399999999999988,5.66,,,,
38,196609,-1.06,-1.14,0.51,-1.79,2.33,0.4,-1.84,,1.26,1.4100000000000001,4.569999999999999,,,,
39,196610,3.86,-6.45,2.68,-3.48,4.24,0.45,-5.26,,2.14,-3.91,15.349999999999998,,,,
40,196611,1.4,3.47,-4.77,4.15,-6.69,0.4,5.72,,-5.29,5.67,-14.34,,,,
41,196612,0.13,2.16,-1.32,0.64,-0.45,0.4,1.06,,-0.74,0.8200000000000001,-0.33,,,,
42,196701,8.15,9.07,2.25,0.93,-3.13,0.43,-6.93,,1.4,2.91,-15.46,6.763,-3.0018,1.9603,-2.2396
43,196702,0.78,3.05,-2.18,2.05,-0.96,0.36,3.52,,2.62,1.76,-4.58,1.7323,-0.2696,3.5877,2.5681
44,196703,3.99,1.73,0.54,0.98,-1.45,0.39,1.53,,0.81,2.11,-2.95,1.9541,-1.6969,1.8805,-1.4695
45,196704,3.89,0.42,-2.45,2.38,-3.64,0.32,0.59,,1.71,0.9500000000000002,-0.3700000000000001,-0.7423,-2.9555,1.0983,-2.2351
46,196705,-4.33,2.19,1.18,-1.7,1.81,0.33,0.72,,2.01,2.7199999999999998,-1.1100000000000003,2.9255,2.4553,0.5435,0.2749
47,196706,2.41,6.41,0.85,-0.64,-2.41,0.27,6.0,,-1.63,5.54,-10.7,6.2469,-2.1705,0.3052,-0.3645
48,196707,4.58,3.52,2.72,0.52,2.7,0.31,-1.03,,4.56,-1.0600000000000005,-6.880000000000001,3.041,2.3657,-0.6857,-0.2301
49,196708,-0.89,0.67,1.52,0.36,1.45,0.31,-1.38,,2.27,-1.6300000000000001,0.8999999999999999,0.2796,1.8169,-0.678,-0.0025
50,196709,3.11,2.42,-2.42,0.23,-0.95,0.32,2.52,,2.13,0.010000000000000231,-1.79,1.7933,-0.4427,0.764,-0.673
51,196710,-3.09,0.47,-3.22,1.07,-2.62,0.39,3.67,,-0.04,-0.20999999999999996,3.16,0.7602,-2.4696,3.3736,0.2062
52,196711,0.37,-0.06,-1.69,1.35,-2.34,0.36,1.26,,-0.75,2.43,0.32999999999999996,0.1469,-2.7435,0.7717,0.2452
53,196712,3.05,5.78,-0.63,-0.82,0.13,0.33,3.25,,0.2,1.6,-10.350000000000001,4.5407,0.3024,0.8598,1.4985
54,196801,-4.06,4.48,4.84,-4.59,6.46,0.4,-4.7,-2.086175,6.29,-3.3900000000000006,0.5199999999999998,5.356,4.7176,-2.8027,1.1116
55,196802,-3.75,-2.92,1.33,-0.14,2.45,0.39,-3.43,2.197712,2.13,-3.0100000000000002,8.36,-1.5945,2.7512,-0.3786,3.3476
56,196803,0.2,-1.6,-0.59,1.06,-1.1,0.38,3.23,1.0577919999999998,-1.58,0.35000000000000003,3.38,-2.2577,-1.1342,1.6761,1.2297
57,196804,9.05,6.18,-1.17,2.7,-3.65,0.43,5.09,0.915347,0.17,5.3,-10.18,5.3629,-2.6056,3.7654,-1.8814
58,196805,2.28,7.1,0.66,0.31,-1.92,0.45,3.8,-1.7748239999999997,1.81,3.27,-8.57,6.6879,-2.3007,1.9595,-0.3443
59,196806,0.69,-0.36,0.83,-1.31,2.76,0.43,-1.9,0.042735,6.89,-2.85,3.7800000000000002,-0.437,2.4451,-0.4776,-0.0541
60,196807,-2.72,-1.42,5.39,-3.14,3.64,0.48,-0.88,-3.6208829999999996,2.47,-5.95,3.2399999999999998,-1.1598,2.7632,-2.0893,3.3438
61,196808,1.34,2.26,1.0,-0.7,0.45,0.42,1.89,0.601579,0.15,0.6399999999999999,-2.25,2.1609,0.369,-0.7607,1.5582
62,196809,4.03,2.84,0.3,-1.99,0.88,0.43,-0.65,0.9539209999999999,0.71,-0.3700000000000001,-7.51,1.4565,-0.5757,-3.4236,-1.1965
63,196810,0.42,-0.38,2.86,-1.32,2.53,0.44,-1.46,-0.088817,3.22,-3.0300000000000002,3.8499999999999996,-0.6765,2.6934,0.6051,2.5209
64,196811,5.43,2.41,-0.93,0.43,-2.26,0.42,1.75,-0.881651,2.57,5.36,-3.88,2.807,-1.35,-0.4243,-0.9144
65,196812,-3.94,3.56,-0.01,-1.86,1.7,0.43,-0.01,1.184482,1.05,0.3799999999999999,-5.130000000000001,3.1584,2.5858,-0.782,-0.799
66,196901,-1.25,-0.45,1.68,-1.55,1.37,0.53,-0.17,2.4447799999999997,0.69,-3.1,0.5800000000000001,-0.3062,1.1292,-0.0716,0.479
67,196902,-5.84,-4.17,0.9,2.07,0.78,0.46,-2.36,5.900418999999999,-0.31,-6.24,8.59,-3.8972,0.8505,1.0557,2.3751
68,196903,2.64,-0.42,-0.52,-1.42,-0.46,0.46,3.97,-1.7045190000000001,-1.76,-1.2199999999999998,2.0199999999999996,-0.3231,0.4294,1.9242,2.4972
69,196904,1.46,-0.83,-0.03,0.41,0.23,0.53,1.13,1.892827,-0.48,-0.42000000000000004,1.5399999999999998,-0.1531,0.5674,2.026,-0.2394
70,196905,-0.1,-0.11,0.72,-0.95,1.25,0.48,1.7,1.3669449999999999,1.76,-2.66,1.05,0.3904,1.4169,-0.0608,0.0381
71,196906,-7.18,-5.5,-1.09,4.32,-1.53,0.51,-2.3,5.9309,-1.31,-3.490000000000001,12.7,-4.7147,-0.6165,3.3983,2.7048
72,196907,-7.0,-3.39,1.18,1.45,1.93,0.53,1.7,3.5706849999999997,-1.04,-4.0200000000000005,6.3500000000000005,-2.9356,2.0189,2.0938,3.491
73,196908,4.68,0.66,-3.77,1.17,-4.04,0.5,2.17,-0.522826,-1.31,6.610000000000001,-4.83,1.0624,-2.5157,0.4656,-2.1066
74,196909,-2.98,1.24,-3.19,3.45,-0.77,0.62,2.52,1.8752600000000001,0.12,-3.2300000000000004,0.22999999999999998,0.7009,0.0668,2.0461,2.7928
75,196910,5.06,3.91,-3.1,0.12,-2.14,0.6,-4.31,-5.8765860000000005,1.2,6.080000000000001,-4.13,2.7812,-1.5403,-1.0961,-1.244
76,196911,-3.79,-2.45,-1.21,1.45,0.28,0.52,3.66,3.169131,-0.38,-0.09999999999999964,4.74,-2.0291,0.1912,2.7448,2.3553
77,196912,-2.63,-3.77,-2.84,2.54,-1.78,0.64,4.96,3.6745710000000003,0.57,-4.79,7.29,-3.7717,-0.6982,3.4988,1.6499
78,197001,-8.1,3.13,3.12,-1.71,3.85,0.6,0.6,2.3568100000000003,0.98,-4.74,3.0699999999999994,3.5654,3.543,-1.1444,3.2341
79,197002,5.13,-2.74,3.93,-2.32,2.74,0.62,0.23,-5.8686929999999995,2.61,-3.51,4.07,-2.4781,1.7291,-2.148,0.1115
80,197003,-1.06,-2.4,3.99,-1.01,4.32,0.57,-0.36,0.23728,4.18,-6.7299999999999995,7.050000000000001,-1.2512,3.3862,-0.9004,3.0285
81,197004,-11.0,-6.37,6.17,-0.69,6.26,0.5,-0.77,4.070456,1.39,-12.379999999999999,13.749999999999998,-4.6151,5.1911,0.3872,5.5545
82,197005,-6.92,-4.45,3.32,-1.25,3.92,0.53,-2.78,-7.564881,-4.99,-6.160000000000001,7.4399999999999995,-3.2335,3.1902,0.2447,3.5236
83,197006,-5.79,-2.21,0.6,0.13,2.97,0.58,5.7,-3.4276910000000003,4.39,-8.3,7.390000000000001,-1.8467,3.7465,2.6608,3.405
84,197007,6.93,-0.62,0.91,-0.25,1.81,0.52,-3.14,-0.023298,3.4,-0.8500000000000005,3.7699999999999996,-0.4652,2.5463,-0.8376,-1.3
85,197008,4.49,1.53,1.27,0.56,-0.19,0.53,-6.55,0.002363,-1.09,2.1199999999999997,-3.749999999999999,0.6459,-0.8656,-3.3301,-2.1076
86,197009,4.18,8.5,-5.52,0.3,-5.84,0.54,-8.8,-1.722116,-5.48,10.16,-18.61,7.1669,-4.5667,-1.3578,-5.4412
87,197010,-2.28,-4.43,0.21,1.71,2.32,0.46,9.42,-1.507792,4.33,-2.26,11.12,-3.2219,2.9508,5.4955,3.8558
88,197011,4.6,-3.86,1.7,1.56,1.48,0.46,2.73,-0.518356,4.37,-2.4400000000000004,8.86,-3.7063,0.7995,0.6342,2.1592
89,197012,5.72,2.93,0.99,0.24,0.29,0.42,-2.23,5.062283,6.05,-3.7,1.5500000000000003,2.7299,0.2507,-1.0452,-0.2179
90,197101,4.84,7.54,1.48,-1.99,0.06,0.38,-6.51,-5.148672,-1.54,5.56,-11.92,6.8598,-0.2597,-4.2142,-3.1558
91,197102,1.41,2.04,-1.27,0.58,-0.69,0.33,0.79,-2.10008,-0.28,1.77,-3.8600000000000003,1.4446,0.6299,2.4201,0.7628
92,197103,4.13,2.26,-4.03,1.83,-2.7,0.3,-1.41,1.7221589999999998,0.06,4.1,-1.6499999999999995,2.6241,-1.951,1.8917,-0.3244
93,197104,3.15,-0.35,0.81,-1.46,0.89,0.28,1.41,2.7309590000000004,-0.27,0.1200000000000001,-0.6000000000000001,-0.2726,1.3011,-1.1778,-0.8574
94,197105,-3.98,-1.11,-1.41,1.39,0.24,0.29,0.86,0.571536,-0.42,-0.1299999999999999,1.9799999999999995,-1.4716,0.8367,1.424,0.8126
95,197106,-0.1,-1.49,-1.94,1.55,-1.65,0.37,2.73,-3.743005,1.55,2.3,4.36,-0.6887,-0.7045,4.3682,2.3835
96,197107,-4.5,-1.42,-0.01,0.57,1.49,0.4,-2.37,-0.041068,1.52,-1.7200000000000006,6.590000000000001,0.1955,2.3645,2.382,0.9078
97,197108,3.79,-0.15,2.64,-0.45,2.63,0.47,3.61,2.398105,-0.04,1.42,-0.2599999999999998,-2.2947,1.5681,-3.3154,-0.0504
98,197109,-0.85,0.28,-2.91,2.55,-1.59,0.37,2.12,0.5531539999999999,0.08,-0.5,3.26,0.3436,0.0654,2.7789,1.2606
99,197110,-4.42,-1.59,-0.48,1.58,-1.38,0.37,0.47,3.7504589999999998,0.84,-0.6100000000000003,7.9,-1.2297,-0.8146,1.818,2.5784
100,197111,-0.46,-2.87,-1.7,2.41,-0.33,0.37,1.51,0.751077,-0.06,-1.53,5.1,-2.6873,-0.2266,1.6927,1.5333
101,197112,8.71,3.25,-0.41,-0.39,-1.73,0.37,-0.58,0.19969900000000002,2.98,2.380000000000001,-5.71,2.7177,-2.1399,-1.4548,-1.5401
102,197201,2.49,6.12,2.27,-1.68,0.52,0.29,0.17,-3.374327,-4.23,3.74,-9.92,6.6986,0.1462,-6.5071,1.9867
103,197202,2.87,0.89,-2.77,1.63,-0.53,0.25,2.54,0.993984,-0.34,-0.16000000000000014,-2.34,0.495,1.9687,1.0478,-0.3471
104,197203,0.63,-0.47,-1.63,1.61,-0.15,0.27,2.94,3.309115,1.3,-3.05,2.6,-1.0272,1.8525,2.0909,1.5463
105,197204,0.29,0.2,0.1,-0.45,-1.0,0.29,2.81,1.508518,-0.3,0.82,1.79,0.2125,0.3011,0.7439,0.276
106,197205,1.25,-3.12,-2.72,2.38,-1.92,0.3,3.29,-0.148126,1.02,-0.2200000000000002,5.140000000000001,-2.5166,-1.4977,2.0886,1.2647
107,197206,-2.43,-0.47,-2.49,1.81,-0.34,0.29,1.9,1.372639,0.06,-1.9499999999999997,1.86,0.4544,-0.0441,3.5905,1.599
108,197207,-0.8,-2.77,0.66,1.14,-0.65,0.31,2.7,1.6229719999999999,1.45,-4.19,9.18,-1.9601,-0.3812,2.1008,3.1851
109,197208,3.26,-3.48,4.53,-1.95,2.88,0.29,-5.4,-3.1049819999999997,2.28,-2.05,4.7,-3.5029,3.5752,-1.5004,0.5635
110,197209,-1.14,-2.22,0.47,1.72,-1.97,0.34,1.82,-1.488973,0.3,-4.38,6.3999999999999995,-1.0618,-1.117,2.1073,0.4575
111,197210,0.52,-2.54,1.35,-0.15,-0.02,0.4,0.71,-1.545361,2.45,-1.2200000000000002,4.6499999999999995,-3.0777,-0.4563,-0.4274,0.7025
112,197211,4.6,-0.63,4.83,-1.98,3.34,0.37,-5.09,-0.776205,3.04,-0.8400000000000007,-0.13999999999999968,-0.941,2.6858,-4.0003,0.7102
113,197212,0.62,-1.9,-2.19,2.58,-2.15,0.37,4.92,0.882111,1.54,-2.4299999999999997,6.050000000000001,-1.7258,-1.4355,2.9657,1.8283
114,197301,-3.29,-2.82,2.68,0.38,0.9,0.44,3.73,-1.481098,-0.85,-2.6499999999999995,11.620000000000001,-2.379,0.3819,-0.4243,3.3706
115,197302,-4.85,-3.9,1.6,-0.25,0.02,0.41,2.16,-1.086541,-0.02,-3.84,7.790000000000001,-4.4754,0.0895,-1.0202,1.4955
116,197303,-1.3,-2.33,2.62,-1.04,0.64,0.46,3.59,-1.271889,-0.61,-2.47,3.67,-1.6619,0.5769,-1.9084,3.2265
117,197304,-5.68,-2.95,5.42,-1.65,2.73,0.52,6.36,2.308621,1.29,-5.99,8.77,-2.918,3.1285,-0.4763,4.0348
118,197305,-2.94,-6.18,0.41,1.94,-1.51,0.51,7.14,-0.26326700000000003,0.71,-4.51,9.889999999999999,-5.7174,-0.4296,1.5506,1.6325
119,197306,-1.57,-2.51,1.19,-0.27,0.21,0.51,4.3,-3.2316490000000004,-0.79,-3.5599999999999996,3.54,-1.2292,0.4198,-0.2085,2.8279
120,197307,5.05,7.26,-5.26,-0.05,-3.27,0.64,-11.57,0.24503,-3.94,7.5600000000000005,-17.49,7.9566,-5.7598,1.1344,-4.1055
121,197308,-3.82,-1.79,1.06,-1.28,1.29,0.7,3.46,1.594605,-0.27,0.010000000000000231,4.950000000000001,-1.941,1.6852,1.4658,1.5222
122,197309,4.75,3.57,2.24,-2.3,1.75,0.68,-7.0,1.702629,2.24,5.97,-8.71,5.7177,2.1917,-1.298,-1.5064
123,197310,-0.83,-0.3,1.6,-1.83,2.68,0.65,6.87,-4.308556,1.35,-4.75,2.42,-1.1937,2.6122,0.4963,4.1587
124,197311,-12.75,-7.27,3.99,-2.58,1.69,0.56,8.66,-2.65017,-4.12,-6.580000000000002,11.06,-7.4069,1.9803,-1.1485,2.114
125,197312,0.61,-4.66,3.94,-2.69,2.41,0.64,10.38,-1.6842139999999999,1.6,-3.5300000000000002,3.75,-4.5565,2.5209,3.6897,4.5884
126,197401,-0.17,10.39,6.0,-3.18,4.48,0.63,-8.85,10.501732,-2.05,6.88,-12.78,11.5318,2.0989,-4.7769,-0.5491
127,197402,-0.47,0.12,2.5,-1.87,2.62,0.58,0.32,3.898203,2.37,1.58,0.25999999999999995,-0.494,2.1141,-1.0424,1.4982
128,197403,-2.81,2.61,-0.12,2.79,0.45,0.56,-1.05,4.593273,0.63,-2.7199999999999998,-1.12,1.8302,-0.0561,1.822,1.1755
129,197404,-5.29,-0.69,0.87,2.88,2.08,0.75,2.11,2.365498,-3.48,-2.3099999999999996,4.28,-0.4711,2.3695,2.2048,2.458
130,197405,-4.68,-3.08,-2.07,4.93,-0.4,0.75,-0.39,6.008724,-1.6,-3.6799999999999997,7.69,-4.0804,-0.3267,2.2505,0.4052
131,197406,-2.83,0.02,0.79,0.62,2.9,0.6,2.31,-1.077655,-0.37,-1.6800000000000002,6.1899999999999995,0.2568,1.5964,1.568,2.1955
132,197407,-8.05,1.92,5.17,-3.26,4.6,0.7,3.09,-0.473158,-0.28,5.15,-4.590000000000001,3.5313,4.4292,2.5752,5.7261
133,197408,-9.35,0.26,2.64,-0.28,2.6,0.6,3.0,-2.8696200000000003,-4.77,-1.3399999999999999,3.3200000000000003,2.2084,3.1493,2.971,4.8631
134,197409,-11.77,1.48,5.59,-4.43,5.92,0.81,4.24,2.436165,-1.09,7.49,1.7899999999999991,2.0541,4.8696,-2.3265,3.3618
135,197410,16.1,-6.82,-9.88,-0.22,-2.87,0.51,-0.54,-7.885913,4.58,-2.3100000000000005,-1.4499999999999993,-6.1757,-1.8661,8.4658,1.0908
136,197411,-4.51,-1.48,-0.2,-3.35,2.94,0.54,2.14,-1.9397890000000002,-1.47,3.72,2.54,-0.8273,2.5432,1.7199,1.3494
137,197412,-3.45,-4.35,0.11,-0.69,3.26,0.7,2.92,2.044962,-2.67,-0.5,10.89,-3.8523,2.1589,0.4904,1.9893
138,197501,13.66,12.92,8.27,-0.76,-0.92,0.58,-13.82,10.883999,4.84,9.250000000000002,-21.67,12.4555,-0.5407,-11.6681,-5.4123
139,197502,5.56,-0.65,-4.44,1.15,-2.12,0.43,-0.6,3.6742589999999997,-0.69,-9.190000000000001,0.9899999999999998,-1.3678,-1.6716,3.5776,0.6164
140,197503,2.66,3.99,2.39,1.23,-1.31,0.41,-2.04,5.999037,-4.06,-1.3899999999999997,-10.04,3.3143,-0.6366,-1.7325,-1.7775
141,197504,4.23,-0.72,-1.13,1.42,-1.35,0.44,1.38,0.21047100000000002,1.15,-8.35,2.66,-1.3525,-0.0429,3.3383,2.3087
142,197505,5.19,2.89,-4.1,-0.99,-0.61,0.44,-0.58,-3.234878,1.39,1.54,-5.319999999999999,3.2779,-0.1207,-0.2727,-0.0167
143,197506,4.83,1.42,1.4,-2.66,1.1,0.41,0.02,-1.8051810000000001,2.95,5.9,-2.2699999999999996,1.6136,0.3474,-1.5739,-0.6539
144,197507,-6.59,3.44,1.69,0.46,1.23,0.48,0.45,-0.9836610000000001,4.01,3.0200000000000005,-1.3199999999999994,2.9714,1.4388,-1.3879,1.7092
145,197508,-2.85,-2.84,-0.94,1.12,-0.93,0.48,-0.1,-0.842826,-0.29,-1.2100000000000002,5.51,-3.2151,-0.1716,0.7131,1.398
146,197509,-4.26,0.05,0.43,0.53,0.55,0.53,0.41,-1.923828,2.56,0.6499999999999999,3.24,0.6399,1.3498,1.67,3.322
147,197510,5.31,-4.22,0.27,-0.48,2.2,0.56,-0.16,9.125722999999999,1.94,-0.8500000000000005,7.550000000000001,-4.654,2.9665,2.4021,2.5301
148,197511,2.64,-1.1,2.05,-0.68,1.78,0.41,-0.45,3.6095420000000003,1.47,-1.0100000000000002,2.08,-0.4698,1.5791,0.6746,1.5837
149,197512,-1.6,-0.05,1.69,-0.09,0.58,0.48,-0.11,-0.323456,-1.8,0.6599999999999999,-1.83,0.2832,-0.0445,-2.255,0.4822
150,197601,12.16,6.32,8.57,-1.79,2.27,0.47,4.45,1.755052,2.54,-0.16000000000000014,-10.389999999999999,6.7637,1.4911,-2.6484,0.8046
151,197602,0.32,7.98,5.82,-2.6,3.83,0.34,0.38,-4.261414,0.66,1.25,-14.870000000000001,6.9408,2.1537,-3.7702,0.8493
152,197603,2.32,-1.39,-0.11,-0.33,0.94,0.4,0.15,-1.655556,-0.45,-4.16,2.0300000000000002,-0.4251,1.6998,2.4445,1.6356
153,197604,-1.49,0.08,-0.14,0.4,-1.08,0.42,0.59,-1.947486,2.5,1.7999999999999998,3.13,-0.5912,-0.7455,-0.282,0.0681
154,197605,-1.34,-1.1,-1.35,2.45,-1.4,0.37,-1.12,-4.169475,0.21,2.0,2.1,-1.2446,-0.9754,0.4639,0.3942
155,197606,4.05,-1.07,0.69,-0.67,1.01,0.43,-0.42,-0.622104,-1.34,1.2599999999999998,-0.4500000000000002,0.04,1.342,-0.0402,0.914
156,197607,-1.07,0.63,1.73,-1.05,0.28,0.47,-0.13,-2.753544,1.87,0.2400000000000001,0.7999999999999999,1.1583,0.9213,0.7522,1.6262
157,197608,-0.56,-1.98,0.81,-0.41,-0.55,0.42,-0.85,1.783943,1.38,1.6,4.64,-2.0534,-0.5976,0.002,0.6256
158,197609,2.07,0.1,-0.29,0.98,-1.15,0.44,0.22,-1.533322,1.72,1.44,1.3099999999999998,-0.2218,-1.4154,1.1099,0.9664
159,197610,-2.42,0.13,-0.18,-0.19,-0.37,0.41,-0.44,0.439052,1.12,1.5800000000000003,2.09,0.7091,-1.1258,0.298,-0.4786
160,197611,0.36,2.66,1.51,-1.41,0.09,0.4,2.89,-2.341377,0.45,3.0100000000000002,-2.5,3.4747,-0.2676,-0.5128,0.0726
161,197612,5.65,3.64,2.27,-0.62,2.28,0.4,0.73,-1.2577180000000001,3.17,1.0499999999999998,-6.85,3.3003,1.8145,-1.0926,1.0779
162,197701,-4.05,5.9,4.27,-0.51,1.97,0.36,4.01,-3.1115690000000003,4.07,2.83,-5.54,6.0477,0.9952,-2.1493,1.6548
163,197702,-1.94,1.07,0.47,-0.16,-0.22,0.35,0.36,-1.063134,2.49,-1.31,0.25,1.0733,0.121,1.2509,0.4029
164,197703,-1.37,1.31,1.09,-0.3,-0.06,0.38,0.55,1.10664,1.23,2.8,-1.32,1.4505,-0.1567,0.2845,-0.3464
165,197704,0.15,0.61,3.38,-2.02,1.14,0.38,4.21,-2.957247,1.06,3.1900000000000004,-0.07999999999999999,1.2282,1.2277,0.3708,0.7455
166,197705,-1.45,1.31,0.85,0.33,0.19,0.37,2.03,1.7641529999999999,1.04,1.8299999999999998,0.27999999999999997,1.5106,0.2061,1.7462,2.7125
167,197706,4.71,2.08,-0.74,0.91,-1.2,0.4,1.66,2.062001,-0.22,-0.5499999999999998,-3.37,3.0804,-0.707,2.3207,2.92
168,197707,-1.69,1.88,-0.57,0.74,0.09,0.42,0.36,0.105081,2.86,0.6199999999999999,0.69,1.0218,1.0303,1.7279,2.3998
169,197708,-1.75,0.86,-2.73,0.99,-0.69,0.44,-1.7,3.122732,0.34,-2.2600000000000002,-0.1100000000000001,-0.2567,-0.9221,1.3905,-0.0612
170,197709,-0.27,1.43,-0.46,1.45,-0.84,0.43,2.0,1.184949,0.41,0.29000000000000004,0.21000000000000008,1.4214,-0.0246,1.3822,1.5164
171,197710,-4.38,1.48,1.81,-0.19,-0.29,0.49,-0.08,-1.13563,0.18,2.62,1.0299999999999998,1.4077,-0.5652,-0.9856,1.1205
172,197711,4.0,3.64,0.23,-0.13,0.71,0.5,2.01,0.411296,0.28,0.56,-4.28,4.5803,1.202,2.565,1.4966
173,197712,0.27,1.59,-0.3,0.91,-0.69,0.49,1.58,-0.533581,2.37,-0.54,0.49000000000000005,1.4872,0.0436,1.2518,1.824
174,197801,-6.01,2.72,3.36,-1.7,1.52,0.49,-0.66,0.5763619999999999,0.23,-1.1799999999999997,-4.34,2.2906,0.9791,-1.7383,0.2813
175,197802,-1.38,3.7,0.83,0.33,1.04,0.46,1.97,-0.164297,1.49,1.62,-2.11,4.0881,1.3206,0.0728,1.6571
176,197803,2.85,3.71,1.16,-0.59,1.88,0.53,1.37,1.5682330000000002,1.63,-0.5499999999999998,-5.12,3.3843,2.5349,-0.0044,0.1286
177,197804,7.88,-0.27,-3.57,2.83,-1.29,0.54,0.86,3.447846,3.21,-2.63,0.009999999999999787,-0.1048,-0.362,5.5452,0.5713
178,197805,1.76,4.58,-0.53,0.24,0.37,0.51,2.83,1.2460149999999999,2.21,0.020000000000000018,-8.72,3.6571,0.8898,0.503,0.5269
179,197806,-1.69,1.56,0.57,-1.41,-0.03,0.54,2.75,0.816507,2.1,0.45000000000000007,-1.56,1.4505,0.4295,1.5126,1.2211
180,197807,5.11,0.13,-1.11,1.55,-0.79,0.56,4.18,2.7398849999999997,0.37,-3.3,0.31000000000000005,0.1866,0.2737,1.82,2.6165
181,197808,3.75,4.95,-0.57,1.41,0.44,0.56,2.83,-0.124714,4.65,1.3599999999999994,-6.44,4.7053,1.1637,1.9068,0.6606
182,197809,-1.43,-0.31,1.86,-0.65,1.8,0.62,-3.14,-2.601002,2.39,0.19999999999999996,2.56,-0.7342,0.2454,-3.5455,-0.8557
183,197810,-11.91,-10.07,1.39,0.18,0.99,0.68,-8.46,4.434662,-3.75,-1.5099999999999998,21.07,-10.9812,0.5996,-1.1601,0.9794
184,197811,2.71,2.85,-2.14,1.11,-1.19,0.7,5.47,-3.5244999999999997,-4.21,-0.1299999999999999,-6.31,4.0574,-1.0321,1.2777,1.5672
185,197812,0.88,1.12,-2.13,1.95,-1.38,0.78,3.03,0.43987899999999996,0.22,-1.17,1.92,0.4927,-1.0916,2.6761,2.4785
186,197901,4.23,3.79,2.2,-2.49,1.51,0.77,-1.36,-0.9972059999999999,3.34,1.8000000000000003,-5.610000000000001,4.2986,1.6783,-1.2204,-1.32
187,197902,-3.56,0.54,1.14,-1.11,0.96,0.73,-1.06,-2.951648,1.04,1.29,-0.020000000000000018,0.3875,-0.4669,-2.4104,0.4715
188,197903,5.68,3.2,-0.73,0.51,0.28,0.81,2.93,-0.618526,-1.35,-0.23999999999999932,-6.6,3.8495,0.762,2.3211,0.521
189,197904,-0.06,2.4,1.08,1.11,0.21,0.8,0.81,1.7561170000000002,1.13,-0.94,-3.37,2.3717,0.8093,1.8596,-0.2652
190,197905,-2.21,0.17,1.32,-1.55,-0.27,0.82,-0.54,-2.161642,-0.12,3.64,1.38,0.5172,-0.0488,-0.6354,0.4403
191,197906,3.85,0.99,1.39,-1.59,-0.47,0.81,0.84,-1.745838,1.65,1.6499999999999995,-2.9899999999999998,0.866,-0.8884,-1.0071,-1.7366
192,197907,0.82,1.27,1.86,-0.28,0.71,0.77,-1.07,-1.69061,1.6,1.32,1.35,1.271,0.6421,0.5525,-0.6755
193,197908,5.53,1.92,-1.58,1.6,-1.47,0.77,-0.21,1.554346,1.96,-2.3899999999999997,-0.20999999999999996,1.6294,-0.348,2.8977,-0.0615
194,197909,-0.82,-0.33,-0.9,1.0,0.32,0.83,5.28,-1.165099,0.39,-1.3900000000000001,-1.0,-0.0593,-0.1385,0.6966,2.8822
195,197910,-8.1,-3.51,-1.86,1.0,0.1,0.87,2.01,-0.12256500000000001,-4.7,-0.9400000000000004,6.459999999999999,-3.1861,0.0203,0.9841,1.6701
196,197911,5.21,2.53,-3.28,0.02,-2.12,0.99,8.14,-6.874130000000001,-1.6,3.5199999999999996,-3.0499999999999994,2.1608,-2.5489,2.2859,-0.3063
197,197912,1.79,4.32,-2.1,-0.72,-0.9,0.95,4.78,-1.634542,0.84,2.1999999999999997,-8.14,3.976,-1.1103,1.2236,-0.0718
198,198001,5.51,1.82,1.75,-1.69,1.71,0.8,7.55,-0.11828,2.63,0.8900000000000006,-6.75,0.7921,1.3627,1.7475,0.4129
199,198002,-1.22,-1.58,0.61,0.07,2.7,0.89,7.88,1.681297,-1.53,-7.609999999999999,-1.3900000000000001,-1.5739,1.6345,2.2602,3.6
200,198003,-12.9,-6.92,-1.01,1.45,-1.16,1.21,-9.55,3.1350610000000003,-4.71,-1.3599999999999994,19.67,-6.5916,0.7581,-1.1728,-1.0575
201,198004,3.97,1.05,1.08,-2.06,0.27,1.26,-0.43,-1.028562,2.09,3.1000000000000005,-0.9399999999999995,1.332,1.2175,0.1694,1.4254
202,198005,5.26,2.1,0.38,0.32,-0.32,0.81,-1.12,-0.69873,3.65,-0.7699999999999996,-2.5300000000000002,1.4786,-1.3314,-0.941,-0.7629
203,198006,3.06,1.42,-0.76,-0.16,-1.28,0.61,1.62,1.083281,3.69,4.12,-1.9199999999999995,1.3291,-1.1272,3.0683,0.8596
204,198007,6.49,3.82,-6.41,4.05,-2.38,0.53,0.35,-0.792257,-0.94,-2.4800000000000004,-0.8599999999999994,3.6816,-2.2884,-0.5185,-3.3287
205,198008,1.8,4.26,-2.61,2.07,-0.87,0.64,3.21,1.137689,1.52,0.6999999999999997,-5.21,4.7395,0.6597,2.4955,1.4979
206,198009,2.19,0.66,-4.58,1.9,-2.77,0.75,5.39,1.3534620000000002,1.29,4.03,-3.9099999999999997,0.8408,-0.4912,5.1664,2.2821
207,198010,1.06,2.36,-2.79,1.69,-1.18,0.95,7.3,2.801081,-0.22,-0.9600000000000002,-4.07,1.174,0.4872,4.0221,2.6663
208,198011,9.59,-3.31,-8.33,4.51,-5.71,0.96,15.22,2.7115839999999998,-6.26,3.369999999999999,-5.370000000000001,-5.0212,-1.8913,9.0038,0.9803
209,198012,-4.52,-0.29,2.79,-1.29,1.23,1.31,-6.68,2.796543,0.92,-2.96,8.530000000000001,1.0713,0.9482,-1.3091,0.1328
210,198101,-5.04,3.29,6.72,-3.53,4.35,1.04,-7.95,3.993729,4.71,-1.4900000000000002,5.74,3.7021,2.3986,-4.8819,0.6518
211,198102,0.57,-0.51,1.02,0.21,2.27,1.07,-1.35,0.20658600000000002,1.96,-3.1300000000000003,1.92,-0.0201,1.8857,0.7112,1.6607
212,198103,3.56,3.03,0.64,-2.26,-0.52,1.21,0.74,1.536375,3.67,4.77,-2.6300000000000003,3.4804,-1.7376,-1.2845,-1.8721
213,198104,-2.11,4.59,2.28,0.83,1.22,1.08,-0.91,-1.7336529999999999,5.67,1.68,1.02,4.1917,2.3693,1.313,1.1015
214,198105,0.11,2.45,-0.42,0.3,-1.54,1.15,3.7,-2.535517,-0.36,2.62,-0.10000000000000009,2.47,-0.5126,-0.031,1.6553
215,198106,-2.36,-0.95,5.13,-1.37,2.69,1.35,-5.81,6.057139,5.44,-1.5499999999999998,6.03,-0.7648,2.7016,-0.0363,1.8916
216,198107,-1.54,-2.05,-0.49,1.26,-2.55,1.24,-2.45,-1.39918,-1.34,0.22,-1.89,-1.6118,-1.9632,3.1684,-0.5645
217,198108,-7.04,-1.81,4.79,-0.31,1.41,1.28,-1.15,-0.151579,2.0,-2.2699999999999996,4.700000000000001,-1.4041,1.2096,0.74,2.2465
218,198109,-7.17,-2.44,5.17,0.12,2.61,1.24,1.95,9.453292000000001,-1.62,-2.6599999999999993,12.67,-1.7108,3.5737,0.6326,3.9886
219,198110,4.92,2.36,-4.21,3.14,-3.01,1.21,4.01,-2.3186649999999998,-1.94,4.380000000000001,-7.740000000000001,1.9553,-0.9336,4.7768,-0.9117
220,198111,3.36,-1.51,1.85,0.07,0.96,1.07,-0.27,6.008077,4.37,0.3200000000000003,2.81,-1.4226,0.5772,0.5431,1.9903
221,198112,-3.65,1.2,0.82,0.22,2.5,0.87,1.3,0.75927,2.21,-3.1100000000000003,5.63,1.2955,1.8902,-0.5258,1.3389
222,198201,-3.24,-1.13,3.19,-1.49,1.92,0.8,1.72,-2.0155719999999997,0.02,-2.3600000000000003,8.65,-0.2857,1.9657,-1.4965,0.8404
223,198202,-5.86,0.35,6.05,-3.43,4.56,0.92,4.88,-1.174033,3.02,2.1599999999999997,5.930000000000001,0.5347,4.692,0.2831,3.089
224,198203,-1.87,-0.04,3.83,-1.39,2.49,0.98,2.96,4.321288,1.64,-2.1799999999999997,4.3100000000000005,0.6573,1.8195,-1.7068,2.45
225,198204,3.27,1.09,-2.7,1.56,-0.02,1.13,-0.4,-2.440709,2.14,0.6600000000000001,-0.69,0.437,1.2193,1.8695,0.6936
226,198205,-3.99,0.64,1.76,0.88,-0.31,1.06,2.5,2.937871,2.48,-1.23,4.0,-0.4127,-0.5062,-0.4732,0.9558
227,198206,-3.09,-0.52,1.55,0.01,2.7,0.96,4.96,4.982222,-0.49,-1.1799999999999997,7.18,1.1223,2.8447,0.1267,3.4196
228,198207,-3.19,0.95,0.09,1.04,1.54,1.05,4.44,-1.620085,1.49,0.1200000000000001,4.33,1.7394,2.0866,2.8217,3.8912
229,198208,11.14,-4.33,0.93,-1.89,0.11,0.76,-3.52,-0.47953300000000004,-2.27,2.379999999999999,4.02,-3.4326,-0.4869,-1.2647,-2.8913
230,198209,1.29,2.62,0.27,2.14,-0.04,0.51,4.19,4.229533,7.55,-2.37,1.8599999999999999,3.1042,1.0554,3.5292,3.4271
231,198210,11.3,1.94,-3.67,0.29,-0.34,0.59,0.18,-3.734213,2.78,3.0,-3.16,0.8954,-1.0611,-0.7477,-0.6491
232,198211,4.67,4.42,-1.85,-0.97,0.29,0.63,5.94,1.039021,6.73,3.2199999999999998,-0.27000000000000046,4.4763,1.4577,3.1709,3.7709
233,198212,0.55,-0.07,0.01,-0.01,1.05,0.67,0.04,-3.16098,3.04,-2.93,0.97,-0.7835,0.3764,-0.7018,-0.1808
234,198301,3.6,3.33,-0.71,-1.55,-0.55,0.69,-1.74,-5.400334,2.68,5.43,-2.9899999999999993,2.1435,-0.7614,-2.4666,-1.8943
235,198302,2.59,2.93,0.7,-0.52,1.05,0.62,3.78,-3.102775,8.33,0.5900000000000003,2.61,3.8038,1.5925,3.0701,1.9979
236,198303,2.82,1.38,2.01,-0.17,2.74,0.63,0.93,4.1240190000000005,6.53,-5.4,0.3999999999999999,1.6196,2.8506,1.1981,2.0383
237,198304,6.67,0.47,0.51,-0.11,1.47,0.71,1.72,3.768411,4.67,-0.6799999999999997,-1.33,-0.3621,2.1995,0.5916,2.3438
238,198305,0.52,6.33,-1.42,-1.84,-1.54,0.69,-1.56,1.9794610000000001,3.13,4.37,-12.27,6.0434,-1.5313,-3.5924,-3.8807
239,198306,3.07,1.19,-3.91,2.6,-0.87,0.67,1.8,0.161806,2.88,-2.56,-2.1900000000000004,2.1425,-1.0979,1.6853,2.6099
240,198307,-4.07,1.01,5.62,-0.11,2.81,0.74,-3.11,4.651723,3.8,-1.0799999999999992,6.37,0.6681,2.7569,1.1937,2.9514
241,198308,-0.5,-4.32,5.54,0.53,1.9,0.76,-5.43,4.248757,-0.88,-2.4499999999999997,6.460000000000001,-4.6885,1.1787,-0.4459,0.3396
242,198309,0.91,0.31,1.01,1.25,0.5,0.76,-0.03,1.33854,3.47,0.8199999999999998,5.75,0.4367,1.397,3.2821,2.9035
243,198310,-3.44,-3.78,4.97,-0.8,2.97,0.76,-4.52,5.601173999999999,3.48,-3.29,11.94,-3.8414,2.6593,1.6621,3.6913
244,198311,2.16,1.89,-0.73,-0.75,0.66,0.7,-0.13,-7.239271,-0.13,-3.48,-4.869999999999999,2.0678,1.1428,-0.2408,-1.7563
245,198312,-1.78,-0.45,1.7,1.6,1.27,0.73,0.84,5.041631,1.36,-4.75,3.49,-1.164,1.3559,-1.5441,1.0883
246,198401,-1.92,-0.03,7.57,-0.82,2.92,0.76,-2.56,6.7457020000000005,3.3,-1.4499999999999997,-0.37,-0.9886,2.3062,-3.7095,0.8392
247,198402,-4.82,-1.6,3.34,0.91,1.58,0.71,0.22,0.8707750000000001,-1.92,-0.5999999999999996,1.7199999999999998,-1.812,0.8863,-0.7879,0.6908
248,198403,0.63,-0.29,0.47,-0.85,1.17,0.73,1.07,0.486617,-0.22,-3.86,2.3499999999999996,-0.1928,0.6821,-0.6009,1.312
249,198404,-0.51,-0.96,1.19,3.38,0.76,0.81,2.07,0.84832,-0.19,-2.5700000000000003,2.25,-0.9117,1.0645,2.132,2.3956
250,198405,-5.97,0.14,0.29,2.2,-0.46,0.78,1.51,2.408758,1.77,0.9199999999999999,3.07,-0.4235,-1.4753,1.7699,1.8973
251,198406,1.82,0.1,-2.66,3.13,-1.56,0.75,-0.7,-0.5537259999999999,0.75,-0.7899999999999998,0.05999999999999983,0.4679,-2.2039,1.8694,0.7165
252,198407,-2.74,-2.22,0.33,3.55,-2.15,0.82,2.83,1.5766769999999999,2.91,-0.48999999999999977,7.66,-2.2892,-1.283,3.6501,3.0332
253,198408,10.28,-0.26,-1.8,-0.68,-0.92,0.83,-5.59,-2.742872,0.03,2.540000000000001,-2.210000000000001,0.2207,-0.4721,0.9497,0.0288
254,198409,-0.8,-0.03,5.23,1.37,2.41,0.86,3.62,2.7575990000000004,4.45,-1.73,4.37,-0.7126,2.5781,0.209,1.2392
255,198410,-0.84,-1.44,0.47,1.18,-1.09,1.0,3.15,-0.731473,2.69,-0.09999999999999998,5.85,-1.3929,-0.358,2.6504,1.8062
256,198411,-1.76,-1.01,4.04,0.72,2.06,0.73,1.64,1.642862,1.26,-2.42,4.819999999999999,-1.0682,2.243,0.8066,1.6777
257,198412,1.84,-0.65,-0.25,1.31,-1.36,0.64,1.49,-0.5501480000000001,0.26,2.44,2.48,-0.4138,-0.8233,2.5491,1.3251
258,198501,7.99,3.5,-5.33,-0.89,-3.41,0.65,-6.82,-1.5760280000000002,2.08,3.9699999999999998,-8.09,3.4463,-3.4606,0.9529,-1.6141
259,198502,1.22,1.04,-0.1,1.29,1.06,0.58,1.88,2.53216,4.79,-2.81,-1.05,0.7706,1.0929,1.5374,2.2266
260,198503,-0.84,-1.39,4.07,1.23,2.88,0.62,1.58,4.007483,3.32,-2.5,6.9399999999999995,-2.0582,3.3017,0.9065,2.0077
261,198504,-0.96,-0.1,3.72,1.55,0.71,0.72,3.04,3.8012789999999996,3.32,-0.36,5.16,-0.6881,1.4033,0.1247,1.8037
262,198505,5.09,-2.31,-0.94,1.33,-1.49,0.66,3.99,-0.7744329999999999,1.55,1.2700000000000005,4.380000000000001,-1.5703,-1.2322,3.2125,1.5094
263,198506,1.27,0.38,0.47,1.71,-0.77,0.55,3.57,0.733651,2.95,2.87,2.0300000000000002,-0.5342,-0.1947,2.9012,1.6931
264,198507,-0.74,2.87,-1.6,-0.44,-0.38,0.62,-3.91,-1.7794830000000001,-0.48,-1.29,-1.36,2.3375,-0.8294,-1.8254,1.3221
265,198508,-1.02,-0.29,2.28,-0.07,1.84,0.55,1.85,2.6868179999999997,0.83,-0.3599999999999999,1.9999999999999998,-0.1861,2.1004,0.4292,1.1911
266,198509,-4.54,-1.8,1.29,1.09,1.62,0.6,1.51,1.096273,0.48,-2.6399999999999997,5.299999999999999,-1.8363,1.9461,1.1414,1.7401
267,198510,4.02,-1.49,0.75,0.91,-1.08,0.65,4.88,5.1336010000000005,2.22,-0.020000000000000018,2.43,-0.2049,0.2621,2.1956,2.8545
268,198511,6.48,0.02,-2.84,0.32,-2.29,0.61,-0.47,0.652371,2.39,-3.3400000000000007,3.2699999999999996,-0.2591,-1.638,1.7977,-0.9075
269,198512,3.88,-0.4,-1.54,1.01,-1.82,0.65,-0.23,-2.018618,3.16,-1.17,2.43,0.3141,-1.4699,1.7902,-0.9129
270,198601,0.65,1.0,0.44,-2.0,-2.0,0.56,3.0,1.8343669999999999,1.81,2.73,-0.40000000000000013,1.0287,-0.7254,1.6748,1.8057
271,198602,7.13,-0.71,-0.77,1.09,-1.24,0.53,2.76,0.26546400000000003,4.4,-0.25,2.25,-0.446,-1.4591,2.2462,0.8818
272,198603,4.88,-0.65,-0.37,1.18,0.9,0.6,2.41,4.138383,4.53,0.75,1.0400000000000005,0.6392,1.0696,2.0588,1.7284
273,198604,-1.31,2.86,-2.86,2.89,-0.06,0.52,-0.36,-0.45723300000000006,1.87,1.8599999999999999,-0.74,1.0715,-1.5687,0.6133,0.0687
274,198605,4.62,-1.29,-0.21,2.15,1.08,0.49,2.05,2.593823,3.32,0.9100000000000001,-0.7399999999999998,-1.1526,1.267,3.424,1.0162
275,198606,1.03,-0.88,1.3,1.83,0.82,0.52,5.07,5.7982510000000005,5.12,-2.07,3.82,-0.3039,1.6213,5.2675,0.9327
276,198607,-6.45,-3.45,4.7,-0.45,0.84,0.52,1.85,-1.3165939999999998,1.42,-0.8399999999999999,9.53,-2.7381,1.3605,3.0084,2.8051
277,198608,6.07,-4.35,3.51,-1.63,3.19,0.46,-5.28,-2.81331,-1.59,-1.6000000000000005,6.550000000000001,-4.3982,3.0931,-2.7142,1.614
278,198609,-8.6,2.05,3.22,-0.1,3.72,0.45,-5.79,4.417669,-2.44,0.9299999999999997,-1.17,0.5252,3.3941,-3.8265,-0.329
279,198610,4.66,-2.33,-1.42,-0.05,1.0,0.46,4.46,1.6760259999999998,-1.46,-2.1200000000000006,2.78,-2.0074,0.0731,0.9152,0.6076
280,198611,1.17,-1.89,-0.07,1.03,0.66,0.39,-0.26,-3.107634,-0.97,-4.38,6.79,-2.0089,0.3927,1.0808,3.727
281,198612,-3.27,0.12,0.36,0.81,0.09,0.49,0.35,-1.192073,-2.22,-1.27,3.45,0.8322,1.0976,1.8667,1.6189
282,198701,12.47,-1.54,-3.16,0.16,-0.98,0.42,2.2,-7.341739,3.63,-1.8100000000000005,2.200000000000001,-1.2051,-1.206,0.9762,2.8949
283,198702,4.39,3.4,-5.91,-0.84,-2.63,0.43,-2.07,-4.335856,0.53,-0.3899999999999997,-3.99,3.3562,-1.994,2.1102,-1.06
284,198703,1.64,0.27,1.61,1.35,4.12,0.47,1.68,-0.9852369999999999,4.94,-0.73,-1.2799999999999998,-0.7091,4.1837,-1.1967,1.3292
285,198704,-2.11,-1.54,-0.39,-0.5,1.03,0.44,0.22,-3.7017759999999997,0.42,-1.28,-0.7799999999999998,-2.4604,0.2886,-1.4876,0.5893
286,198705,0.11,-0.56,0.23,0.51,1.15,0.38,-0.74,0.9514069999999999,-0.35,-1.16,0.63,-1.2256,-0.0863,-2.3834,-0.152
287,198706,3.94,-2.21,1.04,1.69,0.84,0.48,-0.25,2.378235,2.25,-0.5300000000000002,6.92,-1.5056,1.3777,1.3962,-0.2125
288,198707,3.85,-1.12,0.73,-0.61,1.64,0.46,2.66,1.152099,4.25,-1.7199999999999998,-3.59,-2.0579,0.0959,-1.7836,-0.6777
289,198708,3.52,-0.95,-0.95,2.04,-1.61,0.47,-0.86,-4.692197,-0.54,1.17,3.9600000000000004,-0.1822,-0.2525,3.7911,2.4264
290,198709,-2.59,0.4,0.3,-0.97,1.9,0.45,0.77,0.548224,0.06,-1.1700000000000002,-0.8600000000000001,0.6217,1.8967,0.5698,1.8495
291,198710,-23.24,-8.05,4.23,2.06,2.26,0.6,-7.86,3.540442,-12.69,-5.27,15.760000000000002,-7.4882,3.3069,0.3633,2.5112
292,198711,-7.77,2.87,2.96,-1.88,0.68,0.35,-1.17,-0.970268,4.36,2.580000000000001,-0.33999999999999986,3.2781,0.6414,-0.6903,0.8775
293,198712,6.81,0.06,-4.39,2.95,-2.46,0.39,5.87,0.51021,-9.26,0.39999999999999947,-0.6400000000000001,0.1942,-2.4651,3.8756,1.512
294,198801,4.21,-0.53,4.95,-1.13,2.2,0.29,-7.27,4.403158,3.73,0.20000000000000018,3.1799999999999997,-0.7445,1.338,-4.0738,-1.7589
295,198802,4.75,3.31,-1.69,1.55,0.0,0.46,-1.47,0.340222,-1.18,1.92,-5.83,3.5222,-0.6046,1.0359,-0.548
296,198803,-2.27,6.24,0.74,-0.26,1.82,0.44,0.58,-1.999528,5.52,0.03999999999999998,-8.09,5.7222,1.6323,-2.1341,-2.0242
297,198804,0.56,1.15,1.63,-0.2,1.94,0.46,2.24,-2.540826,1.85,-0.13,0.9,0.9164,2.1374,0.6511,0.9069
298,198805,-0.29,-2.57,2.42,-0.74,0.33,0.51,0.63,-0.534737,0.99,-1.14,4.8,-1.1973,0.463,-0.1937,1.3535
299,198806,4.79,2.14,-1.22,1.46,-3.44,0.49,-2.93,-0.9842750000000001,-0.54,3.04,-1.5499999999999998,2.8704,-3.0884,2.2966,1.8386
300,198807,-1.25,-0.21,2.17,-0.58,1.49,0.51,0.65,-0.8605389999999999,1.58,0.13,0.019999999999999962,0.1978,1.1117,-1.1818,0.09
301,198808,-3.31,-0.03,2.1,-0.81,1.76,0.59,0.35,3.5592529999999996,1.46,-1.55,0.44999999999999973,0.0616,1.6653,-2.143,-0.3906
302,198809,3.3,-1.35,-0.75,1.75,-0.6,0.62,0.27,1.503447,-2.13,-2.1200000000000006,3.94,-1.4769,-0.3702,2.1855,0.8178
303,198810,1.15,-2.95,1.69,1.29,1.03,0.61,1.33,2.371407,0.21,-3.25,5.86,-2.8242,0.5001,0.077,0.6632
304,198811,-2.29,-1.65,1.3,-0.28,1.63,0.57,0.33,-0.079888,-1.93,-2.7299999999999995,-0.47,-1.8972,1.4138,-0.4356,0.3435
305,198812,1.49,2.02,-1.61,0.69,-0.38,0.63,0.49,-4.437137,-2.53,1.4800000000000002,0.32000000000000006,2.445,0.4296,0.8003,0.4898
306,198901,6.1,-2.31,0.62,-0.95,0.14,0.55,-0.16,-0.253105,0.86,2.3499999999999996,0.25,-2.2236,0.0239,-0.3618,1.5782
307,198902,-2.25,2.71,0.93,-0.87,1.81,0.61,0.99,-0.31550900000000004,1.04,0.3899999999999999,-3.02,2.9587,1.578,-0.4763,-0.145
308,198903,1.57,0.68,0.54,0.05,0.73,0.67,3.51,-0.95756,2.06,-1.2399999999999998,0.4500000000000002,1.3245,1.2942,-0.1153,0.7068
309,198904,4.33,-0.78,-1.4,0.71,-0.57,0.67,1.77,-1.689219,0.9,0.3099999999999996,3.4499999999999997,-0.9306,-0.2748,1.1544,-0.2083
310,198905,3.35,0.0,-0.87,0.49,-0.08,0.79,1.52,-3.947445,-0.44,-0.41000000000000014,2.46,0.0502,0.0962,1.2157,0.3786
311,198906,-1.35,-1.09,2.23,0.27,1.55,0.71,0.43,7.688385,2.01,-2.46,2.79,-0.7287,1.5757,-0.1791,-0.9479
312,198907,7.2,-4.17,-2.79,1.95,-0.56,0.7,5.39,3.476273,0.86,-0.08000000000000007,6.47,-3.4645,-0.4397,4.8851,2.471
313,198908,1.44,0.48,0.6,0.39,-0.57,0.74,-0.12,0.485453,0.92,-0.31000000000000005,0.24,0.4908,-0.4494,1.6706,0.2146
314,198909,-0.76,0.49,-1.27,1.4,0.51,0.65,3.4,-4.7359919999999995,0.08,-1.6099999999999999,-1.28,0.7485,1.2189,1.6167,1.9062
315,198910,-3.67,-3.32,-1.11,0.1,-0.03,0.68,1.32,2.588414,0.49,-3.71,8.96,-3.3582,1.3075,1.3911,2.3063
316,198911,1.03,-1.29,-1.09,-0.86,1.37,0.69,2.6,-2.4645710000000003,1.31,-3.66,4.77,-1.3393,1.6274,0.2318,-0.4967
317,198912,1.16,-2.28,0.16,-0.07,1.45,0.61,2.8,2.271479,-0.9,0.3999999999999999,5.85,-1.9402,1.5698,1.0607,2.4313
318,199001,-7.85,-1.32,0.85,-1.18,1.37,0.57,-3.27,-3.3811500000000003,-0.21,-2.0699999999999994,5.77,-1.2287,0.9179,0.0229,-0.2384
319,199002,1.11,1.15,0.64,-0.07,-0.61,0.57,-0.54,-2.992397,-1.35,0.98,-1.99,1.1808,-1.1013,-0.3994,0.0998
320,199003,1.83,1.58,-2.92,2.02,-0.95,0.64,1.8,-2.601628,-0.21,0.13999999999999996,0.6000000000000001,1.2165,-0.39,2.2304,1.6434
321,199004,-3.36,-0.32,-2.59,1.81,-1.0,0.69,2.39,5.788329,-2.46,0.03000000000000025,3.3,-0.4572,-0.7818,2.2148,0.5999
322,199005,8.42,-2.37,-3.83,1.54,-1.58,0.68,3.03,-0.631234,-2.01,-0.5299999999999994,1.8899999999999997,-1.6536,-0.7959,3.6987,2.6215
323,199006,-1.09,1.31,-1.93,-1.1,-0.36,0.63,2.4,2.640566,1.33,-1.38,-0.72,1.8531,0.2565,2.2178,-0.2309
324,199007,-1.9,-3.13,-0.04,-0.11,3.23,0.68,6.14,5.108192000000001,0.47,-3.35,7.43,-2.4751,4.0115,2.5682,0.0411
325,199008,-10.15,-3.86,1.6,-0.35,2.99,0.66,1.88,4.550806000000001,-2.07,-2.41,6.52,-4.516,3.7164,-1.0224,1.2618
326,199009,-6.12,-3.74,0.61,0.06,3.61,0.6,5.78,2.006349,0.05,-7.550000000000001,11.059999999999999,-3.4164,2.6031,-0.4763,2.6991
327,199010,-1.92,-5.07,0.0,3.13,-0.32,0.68,6.71,-1.340196,-4.05,-3.49,12.16,-5.0524,0.2572,2.1035,3.0655
328,199011,6.35,0.04,-2.97,0.51,-4.69,0.57,-5.48,-1.205725,-5.12,4.1499999999999995,-1.5300000000000002,0.4543,-3.9832,1.5068,-0.829
329,199012,2.46,0.64,-1.63,2.65,-1.81,0.6,0.29,-3.357507,-1.24,1.4000000000000004,5.61,1.2884,-1.9903,3.8744,1.4869
330,199101,4.69,3.89,-1.57,1.26,-3.85,0.52,-6.45,-9.368777,-6.13,4.3100000000000005,-7.35,3.3699,-3.9477,0.1467,1.5811
331,199102,7.19,4.02,-0.63,-0.05,-0.43,0.48,-4.61,-2.036569,1.55,4.390000000000001,-9.700000000000001,3.6227,0.1527,-1.2271,-0.681
332,199103,2.65,3.82,-1.3,-0.5,-1.11,0.44,2.87,-0.5046980000000001,1.44,1.96,-5.640000000000001,3.9386,-0.9253,1.6725,0.0336
333,199104,-0.28,0.32,1.45,0.64,0.8,0.53,-2.36,1.733852,4.85,-0.39000000000000007,1.1,-0.7098,0.4736,1.3908,0.6355
334,199105,3.65,0.12,-0.49,2.05,-2.35,0.47,-0.11,-0.883988,1.14,1.9099999999999997,2.78,-0.5752,-1.9554,-0.6927,-1.0672
335,199106,-4.94,0.26,1.07,1.77,0.64,0.42,0.47,2.890272,2.56,-4.26,4.23,0.0663,0.6281,1.369,0.4713
336,199107,4.24,-0.95,-1.32,1.61,-1.38,0.49,4.22,1.752819,0.31,2.7,0.5500000000000003,-0.5438,-0.6573,3.0879,0.3736
337,199108,2.32,1.41,-0.78,0.85,-0.34,0.46,1.57,-1.800622,1.32,1.5899999999999999,-2.23,1.2856,-0.0439,1.1556,-0.2208
338,199109,-1.59,1.56,-1.07,-1.8,0.08,0.46,1.79,1.091772,2.87,0.9000000000000001,1.87,1.8102,-0.8246,-0.3653,0.277
339,199110,1.29,0.9,-0.46,-1.73,-0.23,0.42,3.06,2.057336,2.17,0.6699999999999999,-0.8899999999999997,0.653,1.267,0.1021,3.1848
340,199111,-4.19,-0.84,-1.88,1.06,0.01,0.39,1.14,4.38126,2.62,-3.1799999999999997,5.3999999999999995,-0.2919,0.2795,3.3436,0.4427
341,199112,10.84,-2.4,-4.18,3.56,-3.12,0.38,8.19,-5.182236,-3.29,-0.17999999999999972,1.25,-1.4823,-2.0517,6.7572,-0.4819
342,199201,-0.59,9.19,4.7,-1.29,3.2,0.34,-2.49,-6.950410999999999,5.36,3.29,-19.04,8.3435,1.5152,-4.0947,1.4886
343,199202,1.09,1.34,6.47,0.1,2.19,0.28,-0.53,-5.088761,3.87,0.61,-1.97,1.3866,2.2368,0.7602,2.2047
344,199203,-2.66,-0.93,3.55,-0.01,1.95,0.34,-0.29,-0.363603,2.41,-3.9000000000000004,3.66,-1.2026,2.003,1.0144,1.961
345,199204,1.07,-5.7,4.32,1.69,2.23,0.32,-2.58,-0.43415499999999996,-0.33,-3.9,12.48,-6.951,1.7925,-1.7002,1.9513
346,199205,0.3,0.21,1.19,-0.96,0.48,0.28,0.21,0.252168,1.13,2.26,2.21,-0.2694,0.3129,-0.2016,-0.739
347,199206,-2.34,-2.74,3.25,-0.09,1.01,0.32,-0.58,2.317403,1.62,-3.0500000000000003,6.5600000000000005,-2.6443,0.6352,1.0312,0.785
348,199207,3.77,-0.66,-0.55,1.24,-0.89,0.31,1.59,2.35712,1.34,-4.01,1.6799999999999997,-0.7693,0.4004,2.6295,0.0544
349,199208,-2.38,-0.44,-1.08,3.68,-1.6,0.26,-0.51,5.003105,1.04,-2.2700000000000005,5.25,-0.3119,-0.7408,1.4856,-0.9159
350,199209,1.19,0.44,-0.23,1.58,-0.63,0.26,1.5,-2.288804,1.74,1.0899999999999999,0.5499999999999998,0.6767,-0.3963,2.3929,-0.8258
351,199210,1.02,2.09,-1.98,1.26,-0.84,0.23,2.48,-2.12141,-0.44,0.56,-4.72,1.5295,-0.3951,2.1301,0.6002
352,199211,4.13,3.98,-1.42,-0.62,-1.65,0.23,-0.15,-5.875097,-0.49,4.17,-5.74,3.6265,-1.2597,0.8819,-0.21
353,199212,1.53,1.67,2.65,-0.46,0.83,0.28,4.32,-2.856879,3.43,2.92,0.8599999999999999,2.7478,1.4148,1.8144,1.0234
354,199301,0.93,1.89,5.95,-1.85,2.94,0.23,4.84,-0.214896,7.81,2.16,-2.71,2.3004,2.9452,-1.4324,0.0798
355,199302,0.12,-3.47,6.44,-0.48,4.21,0.22,3.14,6.7824990000000005,5.84,-1.21,8.74,-3.3377,3.6514,-1.4408,2.3166
356,199303,2.3,0.08,1.19,-0.17,0.9,0.25,3.73,-4.096191,4.64,-0.5800000000000001,-0.18999999999999995,0.0007,0.947,1.7886,0.4714
357,199304,-3.05,-0.86,2.48,-3.6,1.44,0.24,0.38,-1.757492,4.86,-1.1599999999999997,1.33,-1.1491,1.2218,-3.0049,2.0458
358,199305,2.89,1.93,-3.5,-0.08,-1.05,0.22,0.22,4.327865,0.94,3.9,-6.0200000000000005,1.8096,-0.7862,-0.564,-0.3906
359,199306,0.31,0.16,2.72,-0.91,1.2,0.25,4.55,-3.221574,3.57,3.5999999999999996,2.51,1.5931,1.8164,3.0124,1.6362
360,199307,-0.34,0.92,2.82,-1.85,2.05,0.24,3.19,-1.31466,3.58,1.52,1.51,1.4132,1.4579,-0.5457,0.8878
361,199308,3.71,0.11,0.14,-1.54,-0.03,0.25,2.65,1.569838,2.24,1.5899999999999994,-0.3999999999999999,-0.01,-0.0355,0.4808,0.7241
362,199309,-0.12,2.94,-0.35,0.25,-0.16,0.26,3.37,-7.62776,3.08,4.42,-2.08,3.1119,0.2698,0.9296,1.4222
363,199310,1.41,1.89,-2.78,0.58,0.6,0.22,-2.72,4.791693,3.26,-1.7000000000000002,-5.09,0.4217,-0.5462,-1.4207,-1.4347
364,199311,-1.89,-1.18,-0.66,2.19,-0.94,0.25,-4.73,5.129774,-3.48,-2.66,1.1,-1.861,-0.7556,-0.758,0.1243
365,199312,1.65,1.38,0.27,1.17,-0.34,0.23,2.36,1.259124,1.29,1.3800000000000003,2.66,2.1179,-0.2518,2.3731,2.2608
366,199401,2.87,0.08,1.28,-1.75,1.43,0.25,0.0,-0.36154400000000003,3.5,-2.3,-2.3800000000000003,0.1737,1.1137,-0.9383,0.9359
367,199402,-2.55,2.67,-1.56,2.15,-1.0,0.21,-0.3,0.979925,-1.24,0.47,-2.94,2.6587,-0.4873,2.6569,1.6242
368,199403,-4.78,-1.09,1.55,0.71,1.28,0.27,-1.27,2.695421,-0.81,-0.5799999999999996,4.5,-0.9388,0.9514,0.2233,1.3591
369,199404,0.68,-1.0,1.66,1.06,1.11,0.27,0.39,0.612393,-1.26,0.06000000000000005,4.74,-0.826,1.2981,1.5307,1.5047
370,199405,0.58,-2.53,0.7,0.6,0.68,0.31,-2.19,3.175964,0.9,-1.19,2.69,-1.9787,0.4984,-0.7572,1.2092
371,199406,-3.03,-0.48,1.67,1.21,1.47,0.31,-0.87,0.005457,1.5,-0.4900000000000002,3.7899999999999996,-0.858,0.9295,0.1864,1.3322
372,199407,2.82,-1.79,0.57,-0.6,0.11,0.28,0.1,-1.0597530000000002,-0.74,-0.28000000000000025,1.67,-1.4279,0.4364,0.7146,-0.1197
373,199408,4.01,1.38,-2.5,0.96,-1.47,0.37,1.55,0.507026,-2.28,4.1000000000000005,-4.6000000000000005,2.0881,-0.6869,2.0603,2.6417
374,199409,-2.31,2.76,-1.84,0.53,0.9,0.37,1.31,3.1120479999999997,3.84,1.28,-3.59,2.2136,0.5698,1.0828,0.9959
375,199410,1.34,-2.31,-1.63,0.24,-0.69,0.38,1.49,1.237485,-2.0,-2.78,0.8200000000000003,-1.8428,0.2235,0.3868,2.4574
376,199411,-4.04,0.13,-0.73,0.4,-0.39,0.37,-0.18,-1.963511,-3.9,-2.34,0.4099999999999997,0.532,-0.9901,1.3723,1.4754
377,199412,0.86,-0.04,-0.09,0.39,0.3,0.44,3.48,1.7290690000000002,-3.06,-0.010000000000000009,2.23,1.0777,1.1041,3.7739,3.7011
378,199501,1.8,-3.02,2.51,0.2,-0.76,0.42,-1.81,-3.2791590000000004,1.29,-3.0599999999999996,4.19,-2.4157,-0.0308,-0.0283,1.1285
379,199502,3.63,-0.54,1.09,0.56,-0.28,0.4,-0.39,-0.700056,1.34,0.9899999999999998,-0.6299999999999999,-0.6967,-0.833,0.5083,1.1642
380,199503,2.19,-0.53,-2.08,-0.13,0.24,0.46,0.43,1.6971779999999999,1.22,-1.48,-0.6799999999999999,-1.2134,0.1458,1.2604,0.7807
381,199504,2.11,-0.22,1.7,0.4,0.89,0.44,1.79,1.060802,1.31,0.21999999999999997,0.48,-0.0073,0.0296,0.139,3.4517
382,199505,2.9,-2.18,2.27,0.36,0.1,0.54,-0.42,-0.611823,1.44,-1.0699999999999998,3.25,-2.2084,0.8614,-1.0023,1.4499
383,199506,2.72,3.03,-2.54,-0.35,-2.48,0.47,2.93,0.737955,1.84,3.32,-8.799999999999999,3.2159,-1.7432,2.1335,1.8421
384,199507,3.72,2.08,-1.59,0.28,-1.64,0.45,2.57,4.921159,1.59,2.0999999999999996,-6.58,1.7621,-2.5443,0.9451,0.3125
385,199508,0.55,1.76,2.81,-1.22,1.61,0.47,0.16,-1.005996,3.44,0.5599999999999999,-0.09000000000000008,2.3542,2.1996,0.1377,1.2812
386,199509,3.35,-1.9,-0.05,1.02,0.38,0.43,2.91,-7.5008859999999995,3.2,-0.94,3.54,-0.7905,1.9328,1.3917,3.1241
387,199510,-1.52,-4.07,-0.51,1.86,-0.04,0.47,4.16,3.448483,-0.39,-3.09,7.24,-5.0256,0.7822,2.7798,4.4602
388,199511,3.96,-1.07,0.58,-0.56,1.13,0.42,-0.68,-1.9489260000000002,-1.05,0.17999999999999972,2.1900000000000004,-0.7575,1.1262,-0.2398,-1.3013
389,199512,1.03,0.73,0.18,-1.38,3.08,0.49,2.52,-3.3590630000000004,2.25,-2.5700000000000003,5.970000000000001,0.6312,3.1163,0.2794,0.4136
390,199601,2.26,-2.56,0.4,0.19,2.31,0.43,0.54,6.793406,4.4,-3.1599999999999997,3.4,-2.6868,2.451,-1.5087,1.4254
391,199602,1.33,1.76,-1.07,0.24,-1.89,0.39,0.59,4.276022,0.82,3.43,-3.54,2.7361,-0.9876,3.1394,0.7778
392,199603,0.73,1.64,0.36,1.48,-0.96,0.39,-1.84,-4.639145,2.59,1.93,0.68,1.8736,-0.6897,0.2765,-1.3504
393,199604,2.06,4.7,-4.05,-0.16,-2.11,0.46,-0.88,-4.389764,0.08,1.3399999999999994,-13.94,5.1861,-1.8073,2.8686,1.1859
394,199605,2.36,3.22,-0.89,0.16,-0.3,0.42,1.54,-2.5982559999999997,3.72,1.2100000000000002,-0.5200000000000005,4.4625,1.0265,1.8631,-1.4703
395,199606,-1.14,-3.64,2.38,3.48,1.2,0.4,0.98,-5.473623,3.41,-5.47,11.459999999999999,-4.2983,1.7381,0.866,1.6771
396,199607,-5.97,-3.8,5.14,2.97,2.56,0.45,-0.17,0.280677,-0.15,-3.910000000000001,12.51,-3.359,2.0165,2.415,2.9724
397,199608,2.77,2.58,-0.74,-0.41,-2.4,0.41,0.01,0.5563359999999999,1.09,3.9300000000000006,-4.539999999999999,2.4813,-1.8529,0.1305,-1.3916
398,199609,5.01,-1.39,-2.7,1.23,-2.22,0.44,2.7,-1.866779,1.31,-1.0200000000000005,-2.9299999999999997,-1.4462,-1.7381,2.2071,2.9848
399,199610,0.86,-3.76,4.94,1.38,3.26,0.42,3.79,-0.474323,3.27,-4.28,10.83,-2.4191,3.6633,1.8831,3.2962
400,199611,6.25,-3.82,1.39,2.1,-0.78,0.41,-2.37,7.254768,0.9,-1.8899999999999997,3.21,-3.5342,-1.308,0.8165,5.3963
401,199612,-1.7,3.26,1.32,0.38,1.47,0.46,0.63,-3.183813,2.45,1.07,0.9200000000000002,3.326,1.2226,0.9371,1.7018
402,199701,4.98,-1.82,-1.46,1.22,-0.13,0.45,1.95,-3.141478,3.95,-1.4700000000000002,0.21999999999999975,-0.7923,-0.6468,1.8122,2.601
403,199702,-0.49,-2.56,5.69,0.65,3.48,0.39,-2.13,-3.932384,5.87,-1.84,10.129999999999999,-2.4667,2.9153,-1.5374,0.6485
404,199703,-5.02,-0.43,3.4,0.45,1.71,0.43,0.9,2.138242,2.98,-5.2700000000000005,6.65,-0.5279,1.7515,1.7709,0.2089
405,199704,4.04,-5.71,0.07,3.24,-0.71,0.43,4.86,5.902431,-1.46,-3.66,5.95,-4.7257,-1.8801,3.8599,2.9735
406,199705,6.74,4.75,-4.12,-1.02,-2.95,0.49,-5.17,1.536884,-1.74,5.08,-9.4,5.0197,-3.2305,-0.2201,-1.4727
407,199706,4.1,1.21,1.59,0.56,0.63,0.37,2.6,0.962123,5.75,0.9800000000000004,1.77,1.0328,0.2313,2.1089,0.1422
408,199707,7.33,-2.77,0.29,0.07,-2.55,0.43,3.79,2.599752,0.92,0.96,0.6200000000000001,-1.4173,-3.0399,1.2853,1.2955
409,199708,-4.15,7.63,1.2,-1.09,0.09,0.41,-2.56,-0.7830149999999999,2.16,0.25,-10.2,7.4956,-0.7059,-1.419,0.4363
410,199709,5.35,2.49,0.38,-1.62,-0.85,0.44,1.47,-1.5516109999999999,8.24,0.6399999999999997,-0.21999999999999975,2.4352,-0.1261,-1.042,-2.6033
411,199710,-3.8,-0.55,2.25,1.04,1.88,0.42,-0.57,-0.139516,4.63,-0.3900000000000001,5.81,-1.0927,2.661,-1.0476,-1.4223
412,199711,2.98,-5.1,1.19,2.81,1.67,0.39,0.33,5.4359079999999995,1.65,-0.9099999999999999,9.2,-5.5213,2.8803,1.4024,3.6401
413,199712,1.32,-2.01,3.86,0.8,1.99,0.48,3.98,0.400618,6.7,1.53,7.1899999999999995,-2.2237,2.2364,1.5724,-2.3959
414,199801,0.15,-1.36,-1.59,0.87,-0.84,0.43,0.14,0.741842,-1.36,-1.82,0.62,-1.2161,-1.2059,2.1885,2.5963
415,199802,7.04,0.2,-0.85,-0.34,-2.32,0.39,-1.12,5.848336,0.09,2.99,-3.5999999999999996,1.0585,-2.453,1.1389,-0.2927
416,199803,4.76,-0.63,1.41,-0.29,-0.41,0.39,2.15,-2.43133,3.72,-1.2700000000000005,4.49,-0.338,0.4998,-0.1759,-1.0943
417,199804,0.73,-0.05,0.9,-1.67,-0.44,0.43,0.74,-1.149626,3.16,2.6799999999999997,-4.03,0.4968,0.1833,-0.1992,2.279
418,199805,-3.07,-2.92,3.4,1.08,2.74,0.4,1.82,-1.105658,1.75,-3.28,6.2700000000000005,-2.6345,2.2558,1.7795,1.0587
419,199806,3.18,-3.67,-1.96,-0.26,-3.13,0.41,7.28,1.6740680000000001,-1.18,-1.37,3.4,-3.2845,-1.5154,3.1584,0.422
420,199807,-2.46,-5.27,-1.76,1.72,0.45,0.4,3.74,0.349193,-0.29,-2.0400000000000005,3.17,-5.7047,1.8843,0.9701,2.8503
421,199808,-16.08,-5.17,3.6,3.44,5.89,0.43,1.84,-2.955903,-0.8,-7.520000000000001,17.42,-6.1863,5.4602,3.0576,6.7098
422,199809,6.15,-0.77,-3.37,-1.9,-2.97,0.46,-0.81,1.533438,-3.69,-0.35000000000000053,-8.649999999999999,-2.0608,-3.0813,-1.8245,1.2778
423,199810,7.13,-3.42,-2.29,0.94,0.32,0.32,-5.37,1.448131,-8.76,0.6299999999999999,-4.35,-2.1679,-0.9607,0.6375,-0.5727
424,199811,6.1,0.71,-3.23,-0.91,-1.14,0.31,1.2,0.812597,-3.57,1.6500000000000004,-1.0299999999999994,0.8962,-0.0256,1.3693,1.2943
425,199812,6.16,-1.57,-4.18,-0.76,-3.41,0.38,8.91,-0.535786,-2.87,-5.710000000000001,-3.169999999999999,-1.8733,-2.9332,2.9291,-2.247
426,199901,3.5,-0.73,-4.62,-2.79,-6.78,0.35,3.03,3.896111,-3.72,3.42,-17.93,-1.8913,-4.4699,-3.2508,-1.0641
427,199902,-4.08,-5.2,1.88,-1.17,4.06,0.35,-0.1,2.76192,1.0,-2.79,5.82,-4.2284,4.8135,0.016,0.0032
428,199903,3.45,-4.23,-2.77,-4.1,-1.41,0.43,-1.27,-0.666621,-7.3,2.2399999999999998,-6.529999999999999,-5.5833,0.3158,-0.6922,0.4004
429,199904,4.33,4.53,2.41,-2.55,0.93,0.37,-9.04,9.830131,-0.2,4.66,-12.6,3.9809,2.6555,-5.1524,0.4438
430,199905,-2.46,3.74,2.3,1.0,3.32,0.34,-5.19,-0.9344929999999999,3.61,-5.99,1.73,4.9448,0.4504,0.6807,1.8909
431,199906,4.77,2.3,-3.26,1.12,-3.24,0.4,5.06,3.2050620000000003,-1.33,6.18,-4.32,3.1515,-2.1112,2.3906,4.3237
432,199907,-3.49,2.57,-0.42,0.38,3.19,0.38,1.66,-1.6236629999999999,0.1,-5.970000000000001,3.34,2.2729,3.4185,1.0146,1.9684
433,199908,-1.38,-1.72,-1.84,-0.21,0.63,0.39,3.12,-0.025084000000000002,-2.67,-2.4599999999999995,-0.4900000000000001,-1.5532,-1.1963,-0.027,4.6439
434,199909,-2.79,2.62,-3.48,-0.74,-1.17,0.39,6.48,-3.586392,-4.97,-3.9000000000000004,-4.69,1.7396,-1.3963,-0.183,-0.8626
435,199910,6.12,-6.89,-3.37,-1.72,-1.22,0.39,5.5,9.527135000000001,-2.42,2.130000000000001,1.67,-5.6711,0.3658,2.0651,1.8695
436,199911,3.37,5.8,-6.16,-4.29,-1.78,0.36,5.64,-1.6941069999999998,-11.95,0.5700000000000001,-21.27,5.7342,-3.9052,-2.9812,1.1544
437,199912,7.72,5.34,-8.32,-7.6,-5.61,0.44,13.22,3.895799,-11.32,3.07,-16.63,4.1852,-5.5017,-5.4566,-1.2102
438,200001,-4.74,4.45,-1.89,-6.29,4.74,0.41,1.92,1.9614099999999999,-0.2,-0.34999999999999987,-3.76,5.6553,2.877,-5.0577,0.6176
439,200002,2.45,18.38,-9.81,-18.76,-0.35,0.43,18.2,-3.08988,-13.45,10.540000000000001,-29.31,22.1388,-5.3857,-7.5459,-3.1427
440,200003,5.2,-15.39,8.23,11.82,-1.61,0.47,-6.83,-1.1235149999999998,0.08,-9.419999999999998,27.33,-14.3931,1.8217,7.6702,3.4913
441,200004,-6.4,-4.96,7.25,7.67,5.62,0.46,-8.39,-3.3814990000000003,6.9,-6.640000000000001,21.950000000000003,-4.8628,3.7905,8.7124,5.1811
442,200005,-4.42,-3.87,4.83,4.18,1.32,0.5,-8.98,0.31227,6.05,-0.16000000000000014,14.9,-4.6174,0.5417,0.0532,3.7442
443,200006,4.64,9.87,-8.41,-8.26,-2.91,0.4,16.61,-2.788096,-10.12,1.1,-25.36,10.2787,-3.4101,-4.7752,-1.8414
444,200007,-2.51,-1.02,8.33,6.09,2.96,0.48,-0.1,11.675388,6.14,-5.57,6.959999999999999,0.9904,2.2537,3.4362,3.3353
445,200008,7.03,-1.01,-1.37,-3.01,1.06,0.5,5.73,-5.028681,-5.07,0.6600000000000001,-10.079999999999998,0.4376,-0.7811,-2.0644,-1.0693
446,200009,-5.45,0.26,7.17,2.89,5.56,0.51,1.97,-2.168257,8.17,-4.9399999999999995,11.96,1.6369,5.2223,2.1,0.8141
447,200010,-2.76,-2.72,5.64,9.28,3.84,0.56,-4.48,4.528509,1.28,-6.99,15.14,-2.2343,2.9384,7.3385,6.4962
448,200011,-10.72,-0.58,12.34,13.38,8.42,0.51,-2.32,-0.858397,13.49,-11.549999999999999,33.35,1.5258,7.4707,10.3802,10.9273
449,200012,1.19,3.3,7.6,2.44,4.79,0.5,6.74,-0.44318099999999994,8.38,-8.97,7.58,4.6804,6.3557,5.1867,0.5582
450,200101,3.13,5.45,-5.11,-5.46,-5.05,0.54,-25.3,6.8311399999999995,-15.67,3.59,-23.84,2.7447,-7.159,-10.8188,-6.2915
451,200102,-10.05,2.79,12.48,9.12,9.06,0.38,12.57,4.393803999999999,15.36,-10.59,33.52,2.8796,9.2385,5.1685,6.478
452,200103,-7.26,2.36,6.43,3.39,3.9,0.42,8.55,7.317704999999999,10.54,-10.06,18.11,2.9541,3.7543,3.4567,2.6452
453,200104,7.94,-0.88,-4.69,-3.48,-3.18,0.39,-7.9,0.404694,-4.78,4.34,-16.66,-0.9038,-3.7774,0.0697,-5.3912
454,200105,0.72,3.59,3.36,0.25,1.91,0.32,2.21,2.7674279999999998,6.65,-2.26,6.859999999999999,4.3821,2.343,-2.552,-0.2205
455,200106,-1.94,6.57,-1.13,1.27,-1.51,0.28,0.38,0.714508,3.43,-2.65,-1.41,6.6908,-1.7623,-0.7497,1.9299
456,200107,-2.13,-2.83,5.21,7.42,3.05,0.3,5.58,3.803152,7.08,-9.4,14.610000000000001,-2.1195,1.3779,3.9514,5.5112
457,200108,-6.46,2.71,2.3,4.06,6.56,0.31,5.53,4.8928,7.05,-7.16,13.690000000000001,2.3709,5.6422,4.3144,5.6464
458,200109,-9.25,-5.73,1.46,5.03,3.22,0.28,11.48,-9.70508,5.19,-7.540000000000001,20.520000000000003,-4.9236,2.867,9.1891,5.76
459,200110,2.46,5.28,-7.66,-3.01,-4.55,0.22,-8.47,3.40761,-7.0,0.41000000000000014,-19.279999999999998,3.4894,-2.9725,-4.3908,-0.5554
460,200111,7.54,-0.31,2.22,-3.74,-1.66,0.17,-8.69,3.442078,-6.4,3.01,-9.46,-1.3893,-1.1368,-8.4913,-2.9851
461,200112,1.6,5.16,0.85,0.35,-0.28,0.15,0.07,6.763465,1.94,-2.9899999999999998,-1.9999999999999996,5.32,-0.183,0.5407,-2.2439
462,200201,-1.44,1.25,3.43,4.69,2.86,0.14,3.75,-1.303372,5.12,-3.18,4.82,0.7248,3.2511,0.3006,4.281
463,200202,-2.29,-0.36,2.16,8.06,5.1,0.13,6.82,2.393301,9.66,-7.370000000000001,16.42,-0.4901,4.4486,5.3203,3.7201
464,200203,4.24,4.24,1.06,-1.78,0.59,0.13,-1.64,8.991159,3.07,-2.41,-12.2,4.6128,0.7823,-4.7043,-0.5513
465,200204,-5.2,6.73,3.88,4.59,5.37,0.15,7.63,5.470006000000001,12.96,-6.640000000000001,10.51,7.5861,4.0765,5.4624,4.0812
466,200205,-1.38,-3.02,1.53,2.35,2.42,0.14,3.16,5.181104,7.4,0.76,10.49,-3.1797,2.1871,1.8112,0.62
467,200206,-7.21,3.88,-0.03,3.93,2.51,0.13,6.03,-0.983171,8.1,2.2299999999999995,16.259999999999998,3.5661,3.5486,4.9411,0.5052
468,200207,-8.18,-6.42,-3.87,3.76,-1.02,0.15,3.74,-5.913371,-1.35,-6.3100000000000005,12.09,-6.3908,1.979,6.7012,4.9693
469,200208,0.5,-1.32,3.31,1.34,-1.42,0.14,1.9,-0.19038,3.11,1.3,0.8700000000000001,-0.0079,-0.8647,2.474,-1.719
470,200209,-10.35,3.1,1.44,3.26,-2.22,0.14,9.13,-1.711884,5.52,-3.3599999999999994,9.139999999999999,3.132,-2.1444,4.4225,1.1112
471,200210,7.84,-4.3,-3.95,-3.36,0.78,0.14,-5.58,3.740641,-8.9,6.76,-6.93,-5.1422,0.2933,-4.6543,1.4936
472,200211,5.96,2.95,-1.27,-9.19,5.15,0.12,-16.33,3.067066,-14.37,0.25,-27.72,1.4963,3.273,-11.1761,-3.1026
473,200212,-5.76,0.64,2.13,6.27,-1.69,0.11,9.64,-1.299143,12.18,-0.6199999999999992,11.98,0.0684,-2.2586,5.321,2.2789
474,200301,-2.57,0.67,-0.73,-1.03,0.76,0.1,1.55,-2.6535349999999998,1.39,2.39,-4.54,-0.9882,0.6899,-0.5955,0.7808
475,200302,-1.88,-0.93,-1.38,0.87,-0.61,0.09,1.17,0.7506900000000001,1.89,0.6699999999999999,3.5200000000000005,-2.0293,-0.1271,0.9028,1.422
476,200303,1.09,0.68,-1.93,1.87,-0.76,0.1,1.48,0.047226000000000004,1.21,-1.1,-0.3500000000000001,1.4093,-0.1302,3.4408,-0.9357
477,200304,8.22,1.05,1.17,-4.67,1.08,0.1,-9.33,4.1247430000000005,-3.43,2.7600000000000007,-9.55,2.3548,1.0369,-4.4513,-2.9406
478,200305,6.05,4.85,0.53,-7.02,3.02,0.09,-10.7,1.1278130000000002,-5.61,3.17,-18.66,3.8176,1.848,-8.2334,-1.6032
479,200306,1.42,1.66,0.19,0.44,-0.34,0.1,-1.0,-0.778027,1.86,1.5199999999999998,-3.6599999999999997,2.2207,-1.0629,1.0952,-0.1288
480,200307,2.35,4.58,-1.19,-4.23,1.85,0.07,-0.32,6.968007,0.55,-0.6100000000000003,-5.999999999999999,4.3771,2.3396,-1.7424,-0.8825
481,200308,2.34,2.52,1.54,-2.21,2.13,0.07,-0.62,3.9357499999999996,0.35,1.1,-4.07,2.2385,2.3638,-1.2401,-1.6415
482,200309,-1.24,0.55,0.1,1.06,0.34,0.08,-0.19,-0.7846580000000001,1.79,-0.36,-0.23999999999999994,0.6891,0.2277,1.2633,2.326
483,200310,6.08,2.67,1.92,-1.3,1.48,0.07,3.99,1.597152,0.26,0.3700000000000001,-7.22,3.0467,1.0318,-1.7515,-0.5641
484,200311,1.35,2.25,1.81,0.12,1.81,0.07,1.46,0.427615,4.58,-1.83,-3.2,2.1953,2.3057,0.7762,0.538
485,200312,4.29,-2.53,1.6,0.51,0.95,0.08,-5.57,-0.48028000000000004,6.27,0.1200000000000001,3.13,-2.7805,0.7725,-1.7383,-1.334
486,200401,2.15,2.44,2.46,-3.66,3.39,0.07,2.58,-5.4437489999999995,-1.46,1.9,-8.16,3.112,2.0594,-2.4369,0.8594
487,200402,1.4,-0.88,0.87,2.15,-1.22,0.06,-1.14,2.4776759999999998,5.39,-2.58,2.54,-0.3085,-0.8838,2.1338,-0.0153
488,200403,-1.32,2.12,0.23,1.61,-0.99,0.09,0.17,2.065276,5.13,-0.59,-0.11999999999999988,2.5224,-0.7362,1.7567,-1.0655
489,200404,-1.83,-2.07,-3.02,3.42,-2.76,0.08,-5.38,-1.521175,0.09,-3.73,7.359999999999999,-3.2184,-2.9004,0.0193,1.4279
490,200405,1.17,-0.42,-0.23,-1.15,0.0,0.06,1.5,0.904162,0.38,0.030000000000000027,-2.34,-0.3821,0.5514,1.068,-0.2318
491,200406,1.86,2.57,1.23,1.19,-0.38,0.08,2.05,2.022329,2.55,-2.0300000000000002,-0.5599999999999998,2.24,-0.2619,0.5621,0.6269
492,200407,-4.06,-2.95,3.22,5.31,-1.66,0.1,-2.28,6.279619,5.98,-2.8000000000000003,10.719999999999999,-3.3495,-0.9785,2.408,3.0803
493,200408,0.08,-1.15,1.0,1.24,-1.44,0.11,-1.59,5.345076,2.67,-0.6499999999999999,6.34,-1.5174,-1.198,-1.2288,0.174
494,200409,1.6,3.27,-0.02,-1.44,-1.89,0.11,5.49,0.48281,3.0,-0.050000000000000044,-5.220000000000001,3.7959,-2.2133,-0.2111,-1.6158
495,200410,1.43,0.19,-0.25,-0.49,0.49,0.11,-1.38,0.441949,1.53,-1.1099999999999999,-0.6499999999999999,-0.7837,0.5838,-1.4395,0.004
496,200411,4.54,4.11,1.45,-0.59,-0.21,0.15,3.16,1.463329,3.09,0.8500000000000005,-4.529999999999999,4.4735,-0.4264,-1.1336,-1.6609
497,200412,3.43,-0.05,-0.21,-1.17,0.46,0.16,-2.87,-3.165891,1.5,-1.6800000000000002,-4.25,-0.0412,0.3017,-0.8596,-1.1295
498,200501,-2.76,-1.18,2.07,2.72,-1.46,0.16,3.05,4.044509000000001,3.92,-3.58,4.02,-0.3928,-0.4056,3.2477,1.2607
499,200502,1.89,-0.3,1.54,1.42,-0.05,0.16,3.37,4.450871,3.45,-1.7799999999999998,0.7100000000000001,0.1451,0.2944,3.5699,0.6629
500,200503,-1.97,-1.42,2.05,0.45,1.29,0.21,0.41,-0.132561,0.64,-0.1299999999999999,3.28,-1.7445,0.939,0.5349,1.896
501,200504,-2.61,-3.98,0.05,0.94,-0.95,0.21,-0.69,-5.303603,1.46,0.6000000000000001,4.22,-4.4796,-1.4562,-1.1017,2.1601
502,200505,3.65,2.79,-0.59,-0.95,0.29,0.24,0.45,1.267375,-1.88,2.03,-7.07,2.965,-0.0566,0.9639,0.4256
503,200506,0.57,3.28,2.81,0.96,-0.52,0.23,2.05,4.408991,3.71,2.9,-4.8,3.8091,-0.1977,-0.4262,-0.4161
504,200507,3.92,2.79,-0.78,-1.23,-0.81,0.24,0.06,2.473039,1.64,0.6100000000000003,-6.01,2.7309,-2.074,-0.2059,-0.4035
505,200508,-1.22,-0.9,1.34,-2.11,0.36,0.3,2.08,2.345094,0.27,0.7400000000000001,0.9700000000000001,-0.7893,0.2364,-0.6859,-0.6059
506,200509,0.49,-0.36,0.69,0.27,-0.6,0.29,3.43,2.83177,0.15,0.78,-0.75,0.006,-0.0283,0.858,0.2586
507,200510,-2.02,-1.43,0.41,-0.94,-1.29,0.27,-1.39,-3.9496919999999998,-2.2,1.5,4.1899999999999995,-0.5142,-0.3185,1.1029,-0.5479
508,200511,3.61,0.84,-1.2,-0.74,-1.14,0.31,0.35,1.0674869999999999,0.0,2.6300000000000003,-1.5699999999999994,1.2181,-1.0467,0.7767,-0.6024
509,200512,-0.25,-0.2,0.22,0.21,0.23,0.32,0.77,0.169137,1.41,0.6,-2.48,-0.0273,0.883,0.2218,1.0852
510,200601,3.04,5.77,1.09,-0.66,-0.43,0.35,2.53,2.756819,0.91,0.6999999999999997,-10.26,6.4402,-0.6827,-0.2638,0.8866
511,200602,-0.3,-0.43,-0.37,-0.5,1.9,0.34,-1.84,-2.8397479999999997,0.65,-1.65,3.85,-0.389,2.4367,-1.0088,-1.0037
512,200603,1.46,3.4,0.55,0.1,-0.4,0.37,1.26,0.41438600000000003,1.06,-0.06000000000000005,-3.32,3.1186,-1.346,0.7682,-0.7596
513,200604,0.73,-0.85,2.34,1.79,-0.01,0.36,0.61,1.708863,1.33,3.58,1.1700000000000002,-0.3044,0.3425,0.8234,-0.1292
514,200605,-3.57,-2.86,2.39,1.15,1.46,0.43,-3.7,1.2517580000000001,0.3,-3.2199999999999998,6.39,-3.5172,1.325,-0.0888,-1.5981
515,200606,-0.35,-0.22,0.8,1.33,-0.08,0.4,1.54,1.781355,0.08,0.3600000000000001,0.16000000000000003,-0.3339,-0.3929,1.043,0.6258
516,200607,-0.78,-3.64,2.62,1.64,0.9,0.4,-2.13,2.337923,2.06,-2.12,10.989999999999998,-3.1577,1.3537,0.5428,3.2009
517,200608,2.03,0.42,-2.04,-1.9,2.15,0.42,-3.38,-3.85289,-0.46,-4.64,-1.54,0.4273,1.9388,-1.3468,-0.1832
518,200609,1.84,-1.43,0.06,0.86,0.57,0.41,-0.96,-1.0489760000000001,-0.17,-1.16,2.1,-0.9705,0.9799,0.6275,0.9709
519,200610,3.23,1.95,-0.26,-0.16,0.28,0.41,-0.2,4.461047,0.47,-0.07999999999999918,-2.87,1.9698,0.1918,-0.296,0.462
520,200611,1.71,0.73,0.11,0.18,-0.83,0.42,-1.03,2.60988,1.48,2.17,-3.9800000000000004,0.3964,-1.5952,0.4888,-0.9004
521,200612,0.87,-0.8,2.71,-0.71,2.05,0.4,0.79,-2.536309,2.54,-2.4,4.87,-0.0042,1.8246,-0.5628,-1.2461
522,200701,1.4,0.09,-0.7,0.27,0.36,0.44,0.24,1.124775,1.37,1.07,-1.7499999999999998,-0.1009,0.6221,0.0118,0.0703
523,200702,-1.96,1.28,-0.12,-0.5,-0.72,0.38,-1.35,3.41437,1.16,2.98,0.40000000000000013,1.4359,-0.9611,-0.7334,-0.0718
524,200703,0.68,0.18,-0.94,0.61,-0.66,0.43,2.56,1.9037789999999999,0.08,1.8399999999999999,-0.6100000000000001,-0.178,-1.188,0.4424,-0.2303
525,200704,3.49,-2.06,-1.43,1.1,1.05,0.44,-0.24,1.122286,0.87,-1.0699999999999998,0.8700000000000001,-1.7301,0.8545,0.5498,1.0935
526,200705,3.24,0.38,-0.62,1.55,-1.36,0.41,-0.34,1.731541,-1.03,4.23,-1.1400000000000001,-0.2546,-2.3088,0.5239,0.1458
527,200706,-1.96,0.75,-1.07,0.53,0.08,0.4,0.51,2.90538,0.8,-0.42999999999999994,-1.3599999999999999,0.5385,0.9411,1.1967,-0.5621
528,200707,-3.73,-2.98,-3.73,0.19,-1.11,0.4,2.94,2.938156,-0.72,0.5399999999999996,0.6299999999999999,-3.0193,-2.2856,1.642,0.0472
529,200708,0.92,-0.38,-1.89,-1.23,-0.54,0.42,0.1,-0.376736,-2.92,-1.57,3.06,-0.842,-1.2721,0.9739,0.4942
530,200709,3.22,-2.42,-2.23,-0.56,-3.02,0.32,4.63,3.076551,1.41,1.12,0.31000000000000005,-2.3839,-3.2471,1.6055,-0.4681
531,200710,1.8,-0.04,-3.11,-0.31,-0.12,0.32,5.02,5.934349,0.21,-2.06,0.8300000000000001,0.3655,0.4823,1.2436,0.3453
532,200711,-4.83,-3.02,-0.94,1.88,-0.27,0.34,0.99,0.872653,-4.05,0.9400000000000004,9.68,-3.0333,0.2065,3.6053,1.4353
533,200712,-0.87,0.18,-0.52,0.82,-1.06,0.27,6.63,5.963935,-2.48,1.56,0.98,0.6752,-0.6393,2.2799,1.0564
534,200801,-6.36,-0.61,4.01,2.21,2.13,0.21,-7.75,-12.776798,-2.09,-0.47000000000000064,5.170000000000001,-0.7347,1.4006,-0.3167,-0.8172
535,200802,-3.09,-0.64,-0.84,0.83,-0.93,0.13,6.1,0.418435,2.26,-3.5700000000000003,5.88,-0.8811,-1.5042,1.7886,1.3603
536,200803,-0.93,0.61,0.35,0.8,0.51,0.17,4.27,6.128142,-6.73,4.27,7.14,0.5829,-0.354,2.3741,-0.0316
537,200804,4.6,-1.19,-1.09,1.68,-2.46,0.18,-0.31,10.203357,-2.12,-0.5899999999999999,-3.86,-0.9404,-2.305,-0.8079,3.3593
538,200805,1.86,3.02,-1.53,0.91,-0.06,0.18,3.31,6.788094999999999,0.9,4.65,-0.5299999999999999,2.536,-0.3597,-0.3368,0.075
539,200806,-8.44,1.19,-2.7,4.94,-0.56,0.17,12.75,5.163978999999999,0.47,-0.1899999999999995,1.2600000000000007,1.8774,-0.1827,6.3612,1.0358
540,200807,-0.77,3.7,5.27,-1.35,1.03,0.15,-5.07,-7.636082,-6.77,4.130000000000001,2.84,5.981,1.8225,0.0123,-0.0734
541,200808,1.53,3.4,1.48,1.88,0.85,0.13,-4.03,1.303803,-1.3,-4.87,5.74,1.8221,0.9431,-0.8724,2.079
542,200809,-9.24,0.25,5.9,2.41,1.8,0.15,0.28,-11.851009,-9.11,-0.7799999999999994,18.330000000000002,0.631,3.1597,1.5905,3.4517
543,200810,-17.23,-3.28,-2.22,2.99,2.04,0.08,7.85,-7.2440690000000005,-5.06,-4.370000000000001,7.57,-3.4756,1.0559,5.8963,6.7538
544,200811,-7.86,-3.92,-6.3,4.52,2.74,0.03,7.17,-6.1068240000000005,-3.53,-3.210000000000001,15.990000000000002,-5.2003,0.5054,3.507,2.1843
545,200812,1.74,3.31,0.07,0.13,-1.51,0.0,-5.09,-7.916169000000001,-7.61,-2.8800000000000003,-2.63,3.6022,-2.3453,-0.5557,-0.8413
546,200901,-8.12,-2.08,-11.11,0.11,-1.19,0.0,-2.18,10.201878,11.9,-1.6600000000000001,-4.64,-2.9342,-0.9213,-0.7728,2.4104
547,200902,-10.1,-1.3,-6.91,1.11,-1.05,0.01,4.41,4.521074,-0.33,5.880000000000001,11.26,-1.573,-1.8538,2.9624,2.9331
548,200903,8.95,0.66,3.34,-2.52,-2.19,0.02,-11.87,-5.0545729999999995,-2.65,0.5299999999999994,-15.579999999999998,0.9873,-0.4478,-3.3696,0.0816
549,200904,10.18,7.04,5.26,1.28,0.11,0.01,-34.3,-1.430456,-7.87,6.069999999999999,-29.080000000000002,7.2754,3.5022,-13.8303,-1.7731
550,200905,5.21,-2.31,0.37,-0.74,-2.2,0.0,-12.49,2.944643,6.53,2.33,-12.09,-1.3219,-2.4194,-3.32,-0.5692
551,200906,0.43,2.31,-2.72,-1.34,-0.31,0.01,5.48,-1.314339,9.1,0.8,1.34,3.749,0.5171,0.896,2.4952
552,200907,7.72,2.4,4.84,-0.36,3.15,0.01,-5.58,-0.528225,-3.62,-2.09,-7.659999999999999,1.6913,1.9783,-4.8912,-1.0333
553,200908,3.33,-0.08,7.63,-2.92,3.3,0.01,-9.07,-5.517014,-2.28,4.21,-16.3,0.8673,2.2613,-2.5999,-1.5815
554,200909,4.08,2.72,1.04,1.25,0.35,0.01,-4.79,7.015341,-0.38,2.82,-5.01,2.4649,-1.1546,-2.8172,-2.6301
555,200910,-2.59,-4.92,-4.2,4.17,-1.46,0.0,2.61,5.825188,0.81,-5.05,15.629999999999999,-4.6122,-0.2445,3.9463,3.021
556,200911,5.56,-2.68,-0.33,0.98,0.11,0.0,0.3,0.17527199999999998,-1.2,0.7499999999999996,0.5999999999999996,-2.383,-0.3537,1.0285,-0.3254
557,200912,2.75,6.24,-0.17,1.05,-0.1,0.01,3.02,2.792747,0.94,1.72,-4.67,4.821,-0.1761,-1.8537,-0.1478
558,201001,-3.36,0.35,0.43,-1.23,0.44,0.0,-5.4,-1.312904,1.01,-4.01,2.32,0.3739,0.6769,-1.065,-0.6351
559,201002,3.4,1.51,3.22,-0.28,1.4,0.0,3.74,0.103853,0.74,-1.4100000000000001,-2.4799999999999995,1.524,0.7588,-1.0401,-0.5165
560,201003,6.31,1.85,2.21,-0.63,1.67,0.01,3.76,-5.931165,1.54,4.220000000000001,-4.03,2.021,1.5728,-0.512,-1.6988
561,201004,2.0,4.98,2.89,0.7,1.74,0.01,3.16,0.059144,1.49,6.22,-6.69,3.905,3.0547,-2.487,-2.3485
562,201005,-7.89,0.04,-2.44,1.27,-0.23,0.01,-0.25,-2.542251,-0.57,-1.0299999999999994,3.6499999999999995,0.047,-0.4527,2.7206,1.7265
563,201006,-5.57,-2.47,-4.7,-0.18,-1.55,0.01,-2.76,0.85272,2.31,-9.83,8.829999999999998,-2.3708,-2.4624,1.3279,1.9251
564,201007,6.93,0.16,-0.3,0.26,1.99,0.01,1.83,2.935181,-2.31,-2.8499999999999996,-2.3499999999999996,0.4811,1.2242,-0.853,0.3616
565,201008,-4.77,-3.11,-1.96,0.58,-1.66,0.01,-0.06,4.342501,1.62,-6.0200000000000005,5.24,-3.6375,-1.777,-0.5599,-0.6431
566,201009,9.54,3.76,-3.17,-0.19,0.37,0.01,1.41,2.088109,-1.19,-0.9800000000000004,-7.169999999999999,3.9473,1.1549,0.5214,0.0482
567,201010,3.88,0.86,-2.49,1.27,-0.31,0.01,1.58,2.922259,2.06,-2.0300000000000002,-1.3399999999999999,0.6884,-0.0068,0.6453,0.4416
568,201011,0.6,3.66,-0.88,0.4,1.51,0.01,2.66,1.309893,-0.51,0.5,-3.18,3.6487,1.8594,-0.0799,-0.6156
569,201012,6.82,0.98,3.78,-3.53,3.16,0.01,-3.03,2.466758,-0.13,4.18,-1.5200000000000005,0.4459,3.0261,-3.6697,-2.246
570,201101,1.99,-2.37,0.77,-0.65,0.83,0.01,-0.29,0.912671,3.02,1.46,2.44,-2.0114,1.3161,0.5565,-1.3445
571,201102,3.49,1.61,1.24,-1.93,0.87,0.01,1.99,0.634893,0.7,-4.13,0.5099999999999998,1.3916,1.4321,-1.6578,-0.8191
572,201103,0.46,2.64,-1.88,1.79,0.0,0.01,3.4,1.3367149999999999,0.43,-4.11,0.32000000000000006,1.8477,-0.1252,-0.9511,0.2826
573,201104,2.9,-0.5,-2.48,1.08,-0.85,0.0,0.04,-3.1870469999999997,0.55,-2.39,-0.1900000000000004,-0.8838,-0.9693,1.5871,1.088
574,201105,-1.27,-0.71,-2.0,1.88,-1.46,0.0,-0.62,-1.1608459999999998,1.42,-1.35,1.45,-0.8716,-1.0162,0.1307,1.387
575,201106,-1.75,0.13,-0.38,2.44,-1.48,0.0,1.78,-0.9938779999999999,0.41,-1.88,1.5699999999999998,0.4603,-1.152,2.8109,1.0019
576,201107,-2.35,-1.22,-0.91,2.73,-1.78,0.0,0.16,-0.141177,-0.41,0.1900000000000004,0.8300000000000001,-1.7743,-2.0383,0.735,0.659
577,201108,-5.99,-3.22,-2.4,3.3,-0.31,0.01,-0.28,-4.381501,0.76,-6.4,9.84,-3.7195,-1.3168,2.5618,2.7071
578,201109,-7.59,-3.67,-1.76,2.03,0.21,0.0,-2.42,-5.270066,2.04,-6.08,10.84,-4.7805,0.0766,-0.7641,4.899
579,201110,11.35,3.48,0.12,-2.15,-0.87,0.0,-1.43,8.660555,-5.99,4.449999999999999,-4.489999999999999,5.1817,-0.5881,2.1401,-1.7028
580,201111,-0.28,-0.28,-0.46,1.83,1.51,0.0,3.85,4.932811,0.62,-6.34,3.26,-1.134,1.5244,0.5813,1.216
581,201112,0.74,-0.33,1.61,1.01,2.49,0.0,1.81,-3.40499,1.25,-1.9100000000000001,5.34,0.1225,2.6695,1.1493,-0.6067
582,201201,5.05,2.07,-0.94,-2.01,-1.46,0.0,-7.93,-2.030348,0.68,4.719999999999999,-13.31,2.7843,-0.574,-0.6313,-1.3211
583,201202,4.42,-1.71,0.43,-0.47,-0.04,0.0,-0.29,1.8449920000000002,2.56,1.33,-4.59,-0.6734,0.0789,0.2918,0.0126
584,201203,3.11,-0.49,1.12,-0.55,0.69,0.0,1.3,-6.725671,3.94,0.8299999999999998,2.71,0.7124,1.4304,1.658,1.7917
585,201204,-0.85,-0.54,-0.77,1.31,0.69,0.0,3.75,-0.894496,2.9,-4.82,5.99,-1.1503,0.9546,1.001,-0.3467
586,201205,-6.19,-0.1,-1.06,2.1,2.34,0.01,6.49,0.274035,2.35,-4.159999999999999,6.029999999999999,-0.8859,2.6812,1.6157,2.3402
587,201206,3.89,0.81,0.59,-1.07,0.44,0.0,-1.06,-0.552748,1.07,-0.28000000000000025,2.97,1.492,1.0221,-1.7624,0.3499
588,201207,0.79,-2.76,-0.12,1.13,0.03,0.0,3.02,0.35474500000000003,1.06,-4.06,5.4,-3.0745,0.5135,1.5412,0.9705
589,201208,2.55,0.45,1.3,-1.33,-0.88,0.01,-2.37,-0.5885940000000001,-0.87,1.7100000000000002,-4.98,1.4166,-1.4606,-0.502,-0.4018
590,201209,2.73,0.64,1.58,-1.51,1.51,0.01,-1.14,-1.75156,0.77,-0.06000000000000005,-1.12,1.1813,1.1797,0.1849,-0.6712
591,201210,-1.76,-0.91,3.56,-1.34,2.55,0.01,0.14,-1.145782,2.01,0.42999999999999994,1.9300000000000002,0.2205,1.8562,0.4568,-3.7341
592,201211,0.78,0.44,-0.83,0.65,0.86,0.01,0.49,-1.6057379999999999,-1.36,-0.61,-3.8200000000000003,0.3591,0.8177,1.7114,0.1462
593,201212,1.18,1.92,3.53,-1.86,0.86,0.01,-2.86,1.22714,-1.06,0.56,-3.1399999999999997,2.4208,-0.8266,-1.9931,-2.6203
594,201301,5.57,0.46,0.95,-1.93,1.43,0.0,-1.79,-2.2413160000000003,4.39,1.5199999999999996,-2.369999999999999,0.1941,1.5365,-2.101,-1.6364
595,201302,1.29,-0.29,0.1,-0.66,0.57,0.0,1.29,-1.142783,1.87,-1.0299999999999998,4.4399999999999995,-0.6155,0.7549,0.1044,0.435
596,201303,4.03,0.87,-0.23,0.13,1.37,0.0,1.92,0.89536,2.33,-0.2200000000000002,-2.05,1.0762,1.2925,0.4876,-1.153
597,201304,1.55,-2.24,0.5,0.27,0.39,0.0,0.22,-3.269508,1.68,1.6599999999999997,-0.5300000000000002,-2.8535,0.1119,-1.0102,-0.2853
598,201305,2.8,2.08,2.67,-1.99,-0.93,0.0,-2.02,0.147532,-1.5,-2.49,-3.88,3.519,-1.6561,-0.3939,-1.4499
599,201306,-1.2,1.56,0.05,-0.39,0.01,0.0,0.52,-1.5514379999999999,2.09,0.85,0.14999999999999997,0.7611,0.7015,-0.1332,0.6054
600,201307,5.65,1.81,0.57,-1.35,0.53,0.0,1.75,0.576896,1.8,7.220000000000001,-2.55,2.0932,0.6474,-0.4727,-1.1494
601,201308,-2.71,-0.07,-2.68,0.67,-2.16,0.0,0.02,1.235653,-0.38,-0.79,-4.409999999999999,-0.2093,-1.7841,0.5517,0.1749
602,201309,3.77,2.65,-1.23,-0.56,-1.4,0.0,3.07,-1.703094,0.76,4.17,-6.77,2.4392,-0.7254,-0.9958,-1.002
603,201310,4.18,-1.5,1.26,2.76,0.92,0.0,0.08,-1.6702580000000002,2.88,-3.1100000000000003,5.3500000000000005,-1.6175,1.1611,1.3367,0.8084
604,201311,3.13,1.4,0.28,0.16,0.04,0.0,0.44,-2.4290369999999997,1.94,-3.88,0.2799999999999998,1.9315,0.0148,1.5439,1.1916
605,201312,2.81,-0.44,-0.01,-0.46,0.08,0.0,0.02,-0.45493799999999995,0.27,4.0200000000000005,-1.44,-0.4377,0.7392,-0.1745,-1.7369
606,201401,-3.32,0.59,-2.02,-3.88,-1.43,0.0,1.71,2.9804790000000003,2.05,4.49,-7.43,0.3324,-0.2918,-2.3143,0.3313
607,201402,4.65,0.16,-0.31,-0.23,-0.48,0.0,2.07,-0.853254,-0.18,1.9200000000000004,-5.67,-0.3063,-0.6297,-1.4762,-0.0368
608,201403,0.43,-1.13,4.92,2.11,1.98,0.0,-3.29,2.379689,1.58,-7.06,9.25,-0.1647,2.7038,1.7736,1.4456
609,201404,-0.19,-4.13,1.14,3.45,1.03,0.0,-3.89,-4.826221,0.21,-2.2,8.43,-4.6826,0.8015,1.0816,0.6512
610,201405,2.06,-1.89,-0.13,0.05,-1.01,0.0,0.88,0.109076,1.07,0.19999999999999973,0.33999999999999997,-2.0338,-0.9378,-0.6521,0.5206
611,201406,2.61,3.1,-0.69,-1.88,-1.99,0.0,0.69,1.138341,-0.38,4.09,-8.860000000000001,2.2437,-2.6584,-2.5859,0.2655
612,201407,-2.04,-4.28,0.02,0.89,0.49,0.0,-0.14,-0.551436,1.01,-5.970000000000001,3.4299999999999997,-3.5649,0.7158,1.199,1.2308
613,201408,4.24,0.3,-0.44,-0.62,-0.68,0.0,0.82,0.31349899999999997,1.73,-1.0300000000000002,-2.93,0.4475,-0.9247,0.1456,0.2192
614,201409,-1.97,-3.73,-1.35,1.31,-0.5,0.0,0.5,1.6424649999999998,2.47,-3.6900000000000004,3.0200000000000005,-3.1012,-0.3101,3.0612,2.1414
615,201410,2.52,3.75,-1.83,-0.48,-0.13,0.0,-0.06,3.965665,2.09,0.48999999999999977,-0.1200000000000001,3.6195,0.5283,1.6833,-0.1931
616,201411,2.55,-2.26,-3.09,1.54,0.25,0.0,0.68,-1.754034,2.36,-2.9699999999999998,2.42,-1.9759,0.3424,2.5233,0.3859
617,201412,-0.06,2.87,2.27,-1.22,0.96,0.0,1.12,2.3498229999999998,0.28,1.18,-0.68,2.769,0.4723,-0.6545,0.2692
618,201501,-3.11,-0.9,-3.61,1.64,-1.68,0.0,3.85,-1.78624,2.63,2.71,-1.3199999999999998,-1.5776,-1.0726,-0.3729,1.373
619,201502,6.14,0.31,-1.87,-1.12,-1.77,0.0,-2.79,-1.5658849999999997,-2.07,5.300000000000001,-1.8599999999999994,0.8154,-1.3938,0.0845,-0.8697
620,201503,-1.12,3.1,-0.41,0.15,-0.54,0.0,2.74,0.279148,1.41,2.38,-2.02,2.8185,-0.2647,0.8329,-0.0438
621,201504,0.59,-3.07,1.83,0.01,-0.64,0.0,-7.27,0.373068,-2.16,-2.2800000000000002,0.09999999999999998,-3.7899,-0.8009,-2.1999,-0.2287
622,201505,1.36,0.82,-1.13,-1.77,-0.71,0.0,5.83,3.365793,2.67,2.89,-0.34999999999999987,1.7454,-0.612,1.431,0.2458
623,201506,-1.53,2.89,-0.78,0.43,-1.56,0.0,3.02,1.544575,1.97,2.7800000000000002,1.36,2.8601,-2.4461,1.2486,-0.6719
624,201507,1.54,-4.58,-4.07,0.34,-2.47,0.0,10.06,0.957328,5.5,5.79,4.52,-4.0756,-2.7366,4.3374,2.6084
625,201508,-6.04,0.27,2.8,0.64,1.26,0.0,-2.09,0.146809,-1.54,-0.9299999999999997,1.3200000000000003,0.5025,1.1604,0.7607,0.2645
626,201509,-3.07,-2.78,0.58,1.83,-0.56,0.0,5.24,0.564307,5.64,-2.97,12.29,-3.3863,0.3173,4.2461,3.5211
627,201510,7.75,-2.06,-0.45,0.86,0.53,0.0,-3.27,-6.160902,-1.03,0.4599999999999991,-1.42,-2.783,0.6276,-2.3746,0.9405
628,201511,0.56,3.31,-0.39,-2.72,-1.02,0.0,2.28,3.703496,1.34,3.38,-0.73,3.4693,-0.5508,-1.7131,0.58
629,201512,-2.17,-2.97,-2.59,0.47,0.02,0.01,3.36,-0.40045000000000003,2.57,1.7800000000000002,0.47,-2.0882,0.328,2.9245,3.3984
630,201601,-5.77,-3.42,2.07,2.81,3.09,0.01,1.39,-4.157984,0.72,-1.4700000000000006,14.09,-2.8219,2.7808,5.3238,4.927
631,201602,-0.08,0.94,-0.58,3.32,1.96,0.02,-4.27,-2.347005,-0.61,-5.84,-0.6100000000000001,0.4861,1.7188,2.0303,-0.1203
632,201603,6.96,1.01,1.1,0.73,-0.02,0.02,-5.04,-1.762153,-2.43,-2.5500000000000007,-9.759999999999998,1.0415,-0.7057,-2.124,-2.6718
633,201604,0.92,1.16,3.19,-2.92,1.88,0.01,-6.08,1.952463,-2.61,-4.42,-15.100000000000001,0.1056,1.2916,-7.2351,-5.2126
634,201605,1.78,-0.64,-1.65,-1.09,-2.49,0.01,1.37,-0.610485,2.23,2.32,1.79,-0.5063,-2.265,0.9582,2.2364
635,201606,-0.05,0.43,-1.45,1.46,1.94,0.02,4.14,2.02397,2.89,-4.6899999999999995,5.28,-0.344,0.5038,0.2568,-0.8126
636,201607,3.95,2.49,-1.29,1.24,-1.18,0.02,-3.32,-1.3092929999999998,2.33,1.2699999999999998,-5.59,2.3392,-2.1843,-0.5095,2.1843
637,201608,0.5,1.69,3.11,-1.89,-0.34,0.02,-3.49,0.7425700000000001,-1.84,-3.25,0.51,0.9644,-0.2141,-2.407,-0.3535
638,201609,0.25,1.87,-1.21,-2.23,0.02,0.02,0.15,2.3870240000000003,-0.17,0.73,-6.17,1.0136,0.1735,-3.1863,-0.9704
639,201610,-2.02,-4.05,4.12,0.97,0.23,0.02,0.6,-1.0236459999999998,1.1,-3.9000000000000004,9.09,-3.4325,0.8407,3.023,2.0686
640,201611,4.86,7.04,8.21,-0.17,3.7,0.01,-4.63,2.186405,-1.62,2.64,-8.280000000000001,6.4916,2.9221,-1.1025,-2.6294
641,201612,1.82,0.4,3.6,1.24,-0.23,0.03,-0.25,-2.705536,3.76,-0.44999999999999973,2.3,0.6259,-0.2623,1.5303,0.8035
642,201701,1.94,-1.42,-2.74,-0.5,-0.98,0.04,-0.94,0.668837,0.07,1.7499999999999998,-2.63,-1.8649,-2.0777,-1.3198,0.6602
643,201702,3.57,-2.23,-1.67,0.42,-1.84,0.04,-1.6,-4.730541,1.87,-3.79,2.2,-1.6716,-2.2683,2.0048,2.5131
644,201703,0.17,0.73,-3.33,0.63,-0.94,0.03,-1.03,-3.587703,1.33,1.2,1.54,1.2411,-1.3066,1.8823,1.2285
645,201704,1.09,0.47,-2.13,1.92,-1.62,0.05,0.48,-1.7974130000000001,2.05,-0.6499999999999999,2.5,0.5831,-1.5535,1.0088,1.698
646,201705,1.06,-3.03,-3.75,0.95,-1.8,0.06,1.5,-2.519983,2.29,-3.17,2.25,-2.5542,-1.6642,1.3102,2.7073
647,201706,0.78,2.57,1.49,-2.26,0.0,0.06,-0.09,0.620394,-0.03,0.68,-4.96,3.0582,-0.4968,-1.2898,-1.9384
648,201707,1.87,-1.62,-0.22,-0.59,-0.15,0.07,1.62,1.2609920000000001,0.19,-1.6099999999999999,3.1,-1.1228,-0.4286,1.5346,1.0364
649,201708,0.16,-1.82,-2.07,0.12,-2.35,0.09,3.29,-2.407088,-0.08,-1.8499999999999999,0.47,-1.3984,-2.8241,0.4656,1.489
650,201709,2.51,4.74,3.09,-1.5,1.63,0.09,-1.32,-0.28944600000000004,-0.19,-1.3399999999999999,-5.130000000000001,4.9016,3.1284,0.4497,-1.8047
651,201710,2.25,-1.95,0.22,0.85,-3.23,0.09,4.28,-3.7954540000000003,0.26,-4.07,5.85,-1.0351,-2.8548,2.1725,2.9301
652,201711,3.12,-0.35,-0.05,3.17,-0.1,0.08,-0.87,0.666178,2.0,-2.96,-2.6100000000000003,0.2014,-0.4969,1.8734,1.0773
653,201712,1.06,-1.07,0.03,0.75,1.66,0.09,-1.55,4.02975,0.48,0.7799999999999998,-2.14,-0.9112,1.7456,0.32,-1.0246
654,201801,5.58,-3.25,-1.36,-0.72,-1.01,0.11,4.05,-0.800416,-0.04,0.5,0.1800000000000006,-2.7743,-1.2889,-1.311,2.6186
655,201802,-3.65,0.32,-1.03,0.56,-2.32,0.11,3.56,2.982587,-1.95,-1.0999999999999996,-1.5100000000000002,0.1904,-1.6939,-0.7678,4.4816
656,201803,-2.35,3.59,-0.23,-0.48,0.0,0.12,-1.13,0.271736,2.46,-2.55,-1.73,2.8151,-0.1073,0.1924,0.4884
657,201804,0.29,0.91,0.48,-2.41,1.26,0.14,0.36,3.451908,0.09,1.28,0.0,0.2795,1.5935,-0.0284,-0.6712
658,201805,2.65,4.79,-3.13,-2.05,-1.48,0.14,3.87,3.9911540000000003,0.62,0.5500000000000003,-6.44,4.8832,-1.0828,-1.8755,2.184
659,201806,0.48,0.81,-2.33,0.82,0.21,0.14,-2.33,0.30103399999999997,2.42,4.72,-0.4,0.6193,-0.401,1.4364,0.1352
660,201807,3.19,-1.95,0.45,1.53,0.36,0.16,-1.43,-0.367158,-0.37,-2.91,6.78,-1.3143,0.4756,1.9894,1.4399
661,201808,3.44,0.63,-3.98,-0.29,-2.64,0.16,5.28,-1.353859,-1.23,1.34,-0.16000000000000014,1.4294,-2.3366,0.3831,4.2025
662,201809,0.06,-2.5,-1.7,0.67,1.28,0.15,0.03,1.017966,-0.62,-4.23,2.4,-3.1075,1.4074,0.6121,1.0374
663,201810,-7.68,-4.5,3.43,1.0,3.54,0.19,-2.06,-1.5134750000000001,2.12,-8.559999999999999,8.73,-4.7667,4.173,1.2908,-0.6419
664,201811,1.69,-0.76,0.26,-0.62,0.4,0.18,-1.41,3.7681029999999995,-0.1,-2.19,1.7200000000000002,-0.8438,-0.9544,0.678,2.7817
665,201812,-9.55,-2.91,-1.9,-0.03,0.2,0.19,2.12,0.49671899999999997,-0.04,-2.3499999999999996,4.119999999999999,-3.0474,-0.8171,1.3676,2.407
666,201901,8.41,3.01,-0.44,-0.78,-1.53,0.21,-8.65,3.887832,-0.64,5.289999999999999,-4.6,2.0408,-1.0013,-4.0039,-7.0874
667,201902,3.4,1.73,-2.68,0.21,-1.61,0.18,0.85,-0.364204,0.01,2.18,-2.8500000000000005,1.1463,-2.5696,0.5352,1.2165
668,201903,1.1,-3.46,-4.05,0.78,-0.99,0.19,2.16,-0.40219499999999997,0.28,-1.06,1.16,-3.3272,-0.5071,-0.03,0.6663
669,201904,3.96,-1.17,2.17,1.66,-2.24,0.21,-2.96,-2.5962039999999997,-0.14,0.69,3.7800000000000002,-0.2264,-2.5247,2.0762,1.1616
670,201905,-6.94,-1.59,-2.37,-0.5,1.74,0.21,7.56,-1.2660360000000002,4.24,-2.41,4.539999999999999,-1.9093,1.4836,0.7589,0.2028
671,201906,6.93,0.32,-0.71,0.88,-0.48,0.18,-2.23,-2.4055150000000003,-0.05,-1.87,-0.6299999999999999,-0.4931,-0.2628,-0.1023,-0.1506
672,201907,1.19,-1.78,0.42,-0.08,0.37,0.19,2.9,-1.033034,2.12,-6.95,3.11,-1.6066,0.1759,0.545,1.1233
673,201908,-2.58,-3.22,-4.95,0.51,-0.69,0.16,7.47,-1.494302,2.38,0.020000000000000018,5.82,-4.1711,-0.9978,1.8592,1.4864
674,201909,1.43,0.27,6.83,1.83,3.36,0.18,-6.81,-4.111937,-1.16,-1.21,4.07,1.4265,2.9913,1.7211,-1.9594
675,201910,2.06,0.27,-1.93,0.45,-0.96,0.15,0.19,-0.162685,-0.42,-0.2599999999999998,4.3100000000000005,0.8627,-0.6509,0.7618,1.8217
676,201911,3.87,0.45,-2.02,-1.58,-1.25,0.12,-2.63,1.097595,-2.83,1.6400000000000001,-4.67,0.0403,-1.0363,-1.2912,-0.5705
677,201912,2.77,0.97,1.79,0.01,1.22,0.14,-1.88,0.20769,-0.3,0.8999999999999999,-4.17,1.2718,1.7989,-1.3059,-0.733
678,202001,-0.11,-4.38,-6.24,-1.18,-2.32,0.13,6.03,,4.17,-5.91,4.63,-4.7187,-2.3977,-0.3876,2.504
679,202002,-8.13,0.02,-3.79,-1.48,-2.51,0.12,-0.36,,-3.6,-0.20999999999999996,-3.99,-1.3564,-2.2162,-0.5094,1.5774
680,202003,-13.38,-8.32,-14.02,-1.53,1.26,0.12,8.16,,-9.64,-3.0699999999999985,9.310000000000002,-8.4158,2.1208,5.9911,11.507
681,202004,13.65,2.58,-1.18,2.69,-1.01,0.0,-5.39,,-1.79,0.8099999999999987,-25.18,3.2996,-0.1082,-1.9954,-1.956
682,202005,5.58,1.97,-4.8,0.94,-3.25,0.01,0.35,,4.45,1.5099999999999998,-8.780000000000001,2.4917,-3.7035,-0.5004,0.7126
683,202006,2.46,1.97,-2.04,0.09,0.53,0.01,-0.78,,5.08,1.5099999999999998,-8.23,2.3143,0.2768,1.2001,1.5554
684,202007,5.77,-3.17,-1.53,0.37,0.9,0.01,7.63,,6.49,1.8999999999999995,-3.660000000000001,-1.4363,-1.3047,3.2258,1.5931
685,202008,7.63,-0.92,-2.92,4.33,-1.32,0.01,0.41,,-3.98,2.4699999999999998,5.25,-2.3063,-2.8534,-0.8682,-1.6505
686,202009,-3.63,-0.01,-2.62,-1.39,-1.82,0.01,3.18,,1.29,1.6500000000000001,-6.04,0.3254,-2.1992,1.2255,0.6656
687,202010,-2.1,4.67,4.16,-0.93,-0.75,0.01,-3.1,,-1.99,-0.96,3.36,2.793,-0.7387,-2.4671,-0.8514
688,202011,12.47,7.0,2.13,-2.14,1.38,0.01,-12.45,,-5.08,6.619999999999999,-19.61,4.3248,3.0672,-14.46,-9.7226
689,202012,4.63,4.72,-1.43,-1.97,-0.08,0.01,-2.26,,5.37,3.38,-9.34,4.3816,-2.7001,-3.5415,-0.8961
690,202101,-0.03,6.77,2.99,-3.62,4.77,0.0,4.52,,10.73,3.4,-18.689999999999998,,,,
691,202102,2.78,4.52,7.18,0.45,-1.89,0.0,-7.93,,-1.94,0.6200000000000001,7.359999999999999,,,,
692,202103,3.08,-0.92,7.41,6.35,3.48,0.0,-6.11,,-2.99,-7.82,12.14,,,,
693,202104,4.93,-3.1,-0.93,2.3,-2.79,0.0,1.14,,0.33,-2.46,7.970000000000001,,,,
694,202105,0.29,1.19,7.04,2.34,3.1,0.0,0.88,,-0.75,-4.550000000000001,1.1199999999999999,,,,
695,202106,2.79,-0.25,-7.76,-2.14,-0.99,0.0,2.24,,0.27,5.19,-7.050000000000001,,,,
696,202107,1.2,-4.56,-1.7,5.36,-0.53,0.0,-2.29,,3.76,-4.0200000000000005,14.93,,,,
