date,mktrf,smb,hml,rf,umd
196301,0.049300,0.031200,0.021700,0.00250,-0.021000
196302,-0.023800,0.004600,0.022000,0.00230,0.025200
196303,0.030800,-0.024800,0.019000,0.00230,0.015600
196304,0.045100,-0.013500,0.010000,0.00250,-0.000800
196305,0.017600,0.010700,0.026100,0.00240,0.003700
196306,-0.020000,-0.002900,0.007700,0.00230,0.011700
196307,-0.003900,-0.005300,-0.008900,0.00270,0.010000
196308,0.050700,-0.008900,0.016800,0.00250,0.010300
196309,-0.015700,-0.003500,0.000800,0.00270,0.001600
196310,0.025300,-0.005600,-0.001400,0.00290,0.031400
196311,-0.008500,-0.011700,0.018100,0.00270,-0.007500
196312,0.018300,-0.021100,-0.000800,0.00290,0.017000
196401,0.022400,-0.001400,0.014700,0.00300,0.010600
196402,0.015400,0.001300,0.027400,0.00260,0.002400
196403,0.014100,0.009900,0.033600,0.00310,0.007100
196404,0.001000,-0.014400,-0.005800,0.00290,-0.006000
196405,0.014200,-0.008600,0.018200,0.00260,0.025400
196406,0.012700,-0.001000,0.006300,0.00300,0.004500
196407,0.017400,0.002200,0.007500,0.00300,-0.003800
196408,-0.014400,0.001700,0.000800,0.00280,-0.001900
196409,0.026900,-0.005300,0.017000,0.00280,-0.003900
196410,0.005900,0.004400,0.011700,0.00290,0.000800
196411,0.000000,0.006900,-0.019600,0.00290,0.010800
196412,0.000300,-0.003600,-0.024800,0.00310,-0.006900
196501,0.035400,0.027000,0.001200,0.00280,-0.012800
196502,0.004400,0.035300,0.001100,0.00300,0.003000
196503,-0.013400,0.018800,0.010300,0.00360,0.001000
196504,0.031100,0.011500,0.006600,0.00310,0.025400
196505,-0.007700,0.001300,-0.016100,0.00310,0.005400
196506,-0.055100,-0.043500,0.005900,0.00350,-0.031200
196507,0.014300,0.008700,0.021400,0.00310,0.041000
196508,0.027300,0.028300,-0.010200,0.00330,0.025800
196509,0.028600,0.006400,-0.001200,0.00310,0.033700
196510,0.026000,0.025300,0.015700,0.00310,0.034500
196511,-0.000300,0.046500,0.001000,0.00350,0.044200
196512,0.010100,0.020600,0.020200,0.00330,0.000900
196601,0.007200,0.038400,0.035300,0.00380,0.054100
196602,-0.012100,0.043800,0.002900,0.00350,0.045800
196603,-0.025100,0.009800,-0.020000,0.00380,0.013400
196604,0.021400,0.034100,-0.004700,0.00340,0.061800
196605,-0.056600,-0.046000,-0.016100,0.00410,-0.046900
196606,-0.014400,0.010400,0.004900,0.00380,0.032800
196607,-0.016300,-0.004300,0.009900,0.00350,-0.013900
196608,-0.079100,-0.032900,0.004400,0.00410,-0.021100
196609,-0.010600,-0.010400,0.005100,0.00400,-0.017300
196610,0.038600,-0.065200,0.026800,0.00450,-0.051300
196611,0.014000,0.043500,-0.047700,0.00400,0.057300
196612,0.001300,0.020900,-0.013200,0.00400,0.010700
196701,0.081500,0.083000,0.022500,0.00430,-0.067500
196702,0.007800,0.033300,-0.021800,0.00360,0.035600
196703,0.039900,0.014200,0.005400,0.00390,0.014200
196704,0.038900,0.006200,-0.024500,0.00320,0.006400
196705,-0.043300,0.018000,0.011800,0.00330,0.006700
196706,0.024100,0.059100,0.008500,0.00270,0.060300
196707,0.045800,0.031000,0.027200,0.00310,-0.010700
196708,-0.008900,0.003900,0.015200,0.00310,-0.014100
196709,0.031100,0.030200,-0.024200,0.00320,0.025500
196710,-0.030900,0.013800,-0.032200,0.00390,0.036700
196711,0.003700,0.001600,-0.016900,0.00360,0.012900
196712,0.030500,0.057800,-0.006300,0.00330,0.032300
196801,-0.040600,0.038900,0.048400,0.00400,-0.046400
196802,-0.037500,-0.029600,0.013300,0.00390,-0.034100
196803,0.002000,-0.013500,-0.005900,0.00380,0.031800
196804,0.090500,0.056600,-0.011700,0.00430,0.051500
196805,0.022800,0.064900,0.006600,0.00450,0.037300
196806,0.006900,-0.002500,0.008300,0.00430,-0.019200
196807,-0.027200,-0.013700,0.053900,0.00480,-0.008400
196808,0.013400,0.023200,0.010000,0.00420,0.018800
196809,0.040300,0.028100,0.003000,0.00430,-0.006700
196810,0.004200,-0.004800,0.028600,0.00440,-0.015200
196811,0.054300,0.023700,-0.009300,0.00420,0.017300
196812,-0.039400,0.034000,-0.000100,0.00430,0.001100
196901,-0.012500,-0.007600,0.016800,0.00530,-0.001500
196902,-0.058400,-0.039400,0.009000,0.00460,-0.024600
196903,0.026400,-0.002600,-0.005200,0.00460,0.039500
196904,0.014600,-0.008700,-0.000300,0.00530,0.011700
196905,-0.001000,-0.002200,0.007200,0.00480,0.016800
196906,-0.071800,-0.054100,-0.010900,0.00510,-0.022300
196907,-0.070000,-0.032200,0.011800,0.00530,0.016400
196908,0.046800,0.008900,-0.037700,0.00500,0.021400
196909,-0.029800,0.011400,-0.031900,0.00620,0.025300
196910,0.050600,0.038700,-0.031000,0.00600,-0.043200
196911,-0.037900,-0.025800,-0.012100,0.00520,0.036000
196912,-0.026300,-0.037200,-0.028400,0.00640,0.050500
197001,-0.081000,0.029500,0.031200,0.00600,0.006300
197002,0.051300,-0.025600,0.039300,0.00620,0.001200
197003,-0.010600,-0.023000,0.039900,0.00570,-0.002900
197004,-0.110000,-0.061200,0.061700,0.00500,-0.007300
197005,-0.069200,-0.045600,0.033200,0.00530,-0.027300
197006,-0.057900,-0.021400,0.006000,0.00580,0.057800
197007,0.069300,-0.005000,0.009100,0.00520,-0.029400
197008,0.044900,0.015300,0.012700,0.00530,-0.065000
197009,0.041800,0.085900,-0.055200,0.00540,-0.089200
197010,-0.022800,-0.042200,0.002100,0.00460,0.096100
197011,0.046000,-0.039400,0.017000,0.00460,0.028900
197012,0.057200,0.029200,0.009900,0.00420,-0.021900
197101,0.048400,0.073800,0.014800,0.00380,-0.067100
197102,0.014100,0.018600,-0.012700,0.00330,0.008100
197103,0.041300,0.026100,-0.040300,0.00300,-0.012100
197104,0.031500,-0.004800,0.008100,0.00280,0.013200
197105,-0.039800,-0.010400,-0.014100,0.00290,0.008900
197106,-0.001000,-0.014800,-0.019400,0.00370,0.027200
197107,-0.045000,-0.015100,-0.000100,0.00400,-0.023700
197108,0.037900,-0.001500,0.026400,0.00470,0.035100
197109,-0.008500,0.005100,-0.029100,0.00370,0.020900
197110,-0.044200,-0.017400,-0.004800,0.00370,0.004600
197111,-0.004600,-0.027800,-0.017000,0.00370,0.014800
197112,0.087100,0.032600,-0.004100,0.00370,-0.006800
197201,0.024900,0.058800,0.022700,0.00290,0.002400
197202,0.028700,0.013100,-0.027700,0.00250,0.027000
197203,0.006300,-0.002700,-0.016300,0.00270,0.029100
197204,0.002900,0.000800,0.001000,0.00290,0.029000
197205,0.012500,-0.027300,-0.027200,0.00300,0.031800
197206,-0.024300,0.002400,-0.024900,0.00290,0.019100
197207,-0.008000,-0.028700,0.006600,0.00310,0.027400
197208,0.032600,-0.040300,0.045300,0.00290,-0.053500
197209,-0.011400,-0.026500,0.004700,0.00340,0.017600
197210,0.005200,-0.027300,0.013500,0.00400,0.007600
197211,0.046000,-0.012000,0.048300,0.00370,-0.051400
197212,0.006200,-0.019500,-0.021900,0.00370,0.049800
197301,-0.032900,-0.034900,0.026800,0.00440,0.037100
197302,-0.048500,-0.038700,0.016000,0.00410,0.021200
197303,-0.013000,-0.028200,0.026200,0.00460,0.036200
197304,-0.056800,-0.038500,0.054200,0.00520,0.064100
197305,-0.029400,-0.063000,0.004100,0.00510,0.070900
197306,-0.015700,-0.028500,0.011900,0.00510,0.043200
197307,0.050500,0.079700,-0.052600,0.00640,-0.116900
197308,-0.038200,-0.020200,0.010600,0.00700,0.034200
197309,0.047500,0.029300,0.022400,0.00680,-0.070300
197310,-0.008300,-0.002800,0.016000,0.00650,0.067400
197311,-0.127500,-0.077200,0.039900,0.00560,0.086300
197312,0.006100,-0.053700,0.039400,0.00640,0.103900
197401,-0.001700,0.097200,0.060000,0.00630,-0.088200
197402,-0.004700,-0.000200,0.025000,0.00580,0.001400
197403,-0.028100,0.025000,-0.001200,0.00560,-0.009900
197404,-0.052900,-0.007400,0.008700,0.00750,0.020000
197405,-0.046800,-0.029600,-0.020700,0.00750,-0.002600
197406,-0.028300,-0.001700,0.007900,0.00600,0.023700
197407,-0.080500,0.008400,0.051700,0.00700,0.030100
197408,-0.093500,-0.007200,0.026400,0.00600,0.030000
197409,-0.117700,0.002700,0.055900,0.00810,0.043200
197410,0.161000,-0.034600,-0.098800,0.00510,-0.005000
197411,-0.045100,-0.012200,-0.002000,0.00540,0.021800
197412,-0.034500,-0.048300,0.001100,0.00700,0.029500
197501,0.136600,0.111500,0.082700,0.00580,-0.138900
197502,0.055600,0.001600,-0.044400,0.00430,-0.005500
197503,0.026600,0.037800,0.023900,0.00410,-0.019900
197504,0.042300,-0.006600,-0.011300,0.00440,0.013400
197505,0.051900,0.038400,-0.041000,0.00440,-0.004700
197506,0.048300,0.008600,0.014000,0.00410,0.000600
197507,-0.065900,0.027000,0.016900,0.00480,0.004200
197508,-0.028500,-0.032400,-0.009400,0.00480,-0.001300
197509,-0.042600,-0.001000,0.004300,0.00530,0.003200
197510,0.053100,-0.040100,0.002700,0.00560,-0.001400
197511,0.026400,-0.012100,0.020500,0.00410,-0.004500
197512,-0.016000,-0.007700,0.016900,0.00480,-0.001200
197601,0.121600,0.047800,0.085700,0.00470,0.044600
197602,0.003200,0.070400,0.058200,0.00340,0.003600
197603,0.023200,-0.011800,-0.001100,0.00400,0.001900
197604,-0.014900,-0.001100,-0.001400,0.00420,0.005000
197605,-0.013400,-0.012300,-0.013500,0.00370,-0.011000
197606,0.040500,-0.013000,0.006900,0.00430,-0.004300
197607,-0.010700,0.002900,0.017300,0.00470,-0.001200
197608,-0.005600,-0.020000,0.008100,0.00420,-0.008500
197609,0.020700,-0.000200,-0.002900,0.00440,0.002400
197610,-0.024200,0.002200,-0.001800,0.00410,-0.004800
197611,0.003600,0.023200,0.015100,0.00400,0.029000
197612,0.056500,0.030300,0.022700,0.00400,0.007700
197701,-0.040500,0.047600,0.042700,0.00360,0.039800
197702,-0.019400,0.010400,0.004700,0.00350,0.003500
197703,-0.013700,0.010000,0.010900,0.00380,0.004900
197704,0.001500,-0.001200,0.033800,0.00380,0.042200
197705,-0.014500,0.011800,0.008500,0.00370,0.020100
197706,0.047100,0.020900,-0.007400,0.00400,0.017700
197707,-0.016900,0.021600,-0.005700,0.00420,0.003100
197708,-0.017500,0.014900,-0.027300,0.00440,-0.017800
197709,-0.002700,0.013300,-0.004600,0.00430,0.020600
197710,-0.043800,0.012500,0.018100,0.00490,-0.001300
197711,0.040000,0.037200,0.002300,0.00500,0.021900
197712,0.002700,0.013200,-0.003000,0.00490,0.015600
197801,-0.060100,0.022400,0.033600,0.00490,-0.007200
197802,-0.013800,0.035900,0.008300,0.00460,0.019000
197803,0.028500,0.034800,0.011600,0.00530,0.013700
197804,0.078800,0.004400,-0.035700,0.00540,0.008500
197805,0.017600,0.045600,-0.005300,0.00510,0.028500
197806,-0.016900,0.016600,0.005700,0.00540,0.027800
197807,0.051100,0.002500,-0.011100,0.00560,0.042200
197808,0.037500,0.050600,-0.005700,0.00560,0.028200
197809,-0.014300,-0.004300,0.018600,0.00620,-0.031100
197810,-0.119100,-0.098900,0.013900,0.00680,-0.083900
197811,0.027100,0.030000,-0.021400,0.00700,0.055200
197812,0.008800,0.012900,-0.021300,0.00780,0.030500
197901,0.042300,0.036200,0.022000,0.00770,-0.012400
197902,-0.035600,0.004500,0.011400,0.00730,-0.010600
197903,0.056800,0.032200,-0.007300,0.00810,0.028800
197904,-0.000600,0.021800,0.010800,0.00800,0.008100
197905,-0.022100,0.001900,0.013200,0.00820,-0.005700
197906,0.038500,0.011600,0.013900,0.00810,0.008200
197907,0.008200,0.012800,0.018600,0.00770,-0.010900
197908,0.055300,0.020500,-0.015800,0.00770,-0.002300
197909,-0.008200,-0.002700,-0.009000,0.00830,0.053400
197910,-0.081000,-0.033700,-0.018600,0.00870,0.021200
197911,0.052100,0.028700,-0.032800,0.00990,0.079600
197912,0.017900,0.041700,-0.021000,0.00950,0.047800
198001,0.055100,0.016200,0.017500,0.00800,0.075100
198002,-0.012200,-0.018500,0.006100,0.00890,0.078800
198003,-0.129000,-0.066400,-0.010100,0.01210,-0.095900
198004,0.039700,0.010500,0.010800,0.01260,-0.004200
198005,0.052600,0.021300,0.003800,0.00810,-0.011100
198006,0.030600,0.016600,-0.007600,0.00610,0.015900
198007,0.064900,0.041400,-0.064100,0.00530,0.003700
198008,0.018000,0.039300,-0.026100,0.00640,0.031900
198009,0.021900,0.009700,-0.045800,0.00750,0.054400
198010,0.010600,0.025000,-0.027900,0.00950,0.073200
198011,0.095900,-0.033600,-0.083300,0.00960,0.152400
198012,-0.045200,-0.002600,0.027900,0.01310,-0.066500
198101,-0.050400,0.029200,0.067200,0.01040,-0.079400
198102,0.005700,-0.003400,0.010200,0.01070,-0.013900
198103,0.035600,0.035400,0.006400,0.01210,0.007300
198104,-0.021100,0.044000,0.022800,0.01080,-0.009500
198105,0.001100,0.020000,-0.004200,0.01150,0.037500
198106,-0.023600,-0.008300,0.051300,0.01350,-0.059000
198107,-0.015400,-0.021800,-0.004900,0.01240,-0.025200
198108,-0.070400,-0.019400,0.047900,0.01280,-0.011200
198109,-0.071700,-0.026500,0.051700,0.01240,0.019700
198110,0.049200,0.022300,-0.042100,0.01210,0.040700
198111,0.033600,-0.010300,0.018500,0.01070,-0.002600
198112,-0.036500,0.012000,0.008200,0.00870,0.013200
198201,-0.032400,-0.012800,0.031900,0.00800,0.017300
198202,-0.058600,0.004400,0.060500,0.00920,0.050000
198203,-0.018700,-0.002100,0.038300,0.00980,0.029300
198204,0.032700,0.014700,-0.027000,0.01130,-0.004100
198205,-0.039900,0.005200,0.017600,0.01060,0.025500
198206,-0.030900,-0.004000,0.015500,0.00960,0.050000
198207,-0.031900,0.008300,0.000900,0.01050,0.044700
198208,0.111400,-0.041300,0.009300,0.00760,-0.035200
198209,0.012900,0.029600,0.002700,0.00510,0.041700
198210,0.113000,0.023500,-0.036700,0.00590,0.000300
198211,0.046700,0.046600,-0.018500,0.00630,0.058900
198212,0.005500,-0.002500,0.000100,0.00670,0.000200
198301,0.036000,0.027100,-0.007100,0.00690,-0.017000
198302,0.025900,0.032800,0.007000,0.00620,0.038300
198303,0.028200,0.017400,0.020100,0.00630,0.009300
198304,0.066700,0.004900,0.005100,0.00710,0.018000
198305,0.005200,0.062600,-0.014200,0.00690,-0.015900
198306,0.030700,0.009500,-0.039100,0.00670,0.017800
198307,-0.040700,0.014900,0.056200,0.00740,-0.031300
198308,-0.005000,-0.042700,0.055400,0.00760,-0.054400
198309,0.009100,0.006200,0.010100,0.00760,-0.001000
198310,-0.034400,-0.035700,0.049700,0.00760,-0.045600
198311,0.021600,0.020200,-0.007300,0.00700,-0.000900
198312,-0.017800,-0.002700,0.017000,0.00730,0.007400
198401,-0.019200,-0.003700,0.075700,0.00760,-0.024900
198402,-0.048200,-0.016900,0.033400,0.00710,0.001900
198403,0.006300,0.000700,0.004700,0.00730,0.010900
198404,-0.005100,-0.011600,0.011900,0.00810,0.020500
198405,-0.059700,0.000700,0.002900,0.00780,0.015200
198406,0.018200,-0.003100,-0.026600,0.00750,-0.007000
198407,-0.027400,-0.022100,0.003300,0.00820,0.029300
198408,0.102800,-0.002400,-0.018000,0.00830,-0.056900
198409,-0.008000,0.001800,0.052300,0.00860,0.036700
198410,-0.008400,-0.012300,0.004700,0.01000,0.032100
198411,-0.017600,-0.006300,0.040400,0.00730,0.017000
198412,0.018400,-0.005600,-0.002500,0.00640,0.015400
198501,0.079900,0.033000,-0.053300,0.00650,-0.069000
198502,0.012200,0.008000,-0.001000,0.00580,0.018200
198503,-0.008400,-0.010700,0.040700,0.00620,0.016800
198504,-0.009600,0.001500,0.037200,0.00720,0.030600
198505,0.050900,-0.022200,-0.009400,0.00660,0.040000
198506,0.012700,0.005600,0.004700,0.00550,0.036300
198507,-0.007400,0.028500,-0.016000,0.00620,-0.039400
198508,-0.010200,-0.003100,0.022800,0.00550,0.018200
198509,-0.045400,-0.015900,0.012900,0.00600,0.014800
198510,0.040200,-0.015100,0.007500,0.00650,0.048800
198511,0.064800,0.002500,-0.028400,0.00610,-0.004000
198512,0.038800,-0.005100,-0.015400,0.00650,-0.001300
198601,0.006500,0.012100,0.004400,0.00560,0.029600
198602,0.071300,-0.005600,-0.007700,0.00530,0.027800
198603,0.048800,-0.005800,-0.003700,0.00600,0.024500
198604,-0.013100,0.027800,-0.028600,0.00520,-0.005000
198605,0.046200,-0.013500,-0.002100,0.00490,0.020200
198606,0.010300,-0.009500,0.013000,0.00520,0.051600
198607,-0.064500,-0.033600,0.047000,0.00520,0.018000
198608,0.060700,-0.041700,0.035100,0.00460,-0.050100
198609,-0.086000,0.023600,0.032200,0.00450,-0.058600
198610,0.046600,-0.025000,-0.014200,0.00460,0.026900
198611,0.011700,-0.019100,-0.000700,0.00390,-0.003200
198612,-0.032700,0.001300,0.003600,0.00490,0.004000
198701,0.124700,-0.018100,-0.031600,0.00420,0.021000
198702,0.043900,0.034900,-0.059100,0.00430,-0.021700
198703,0.016400,0.004500,0.016100,0.00470,0.016000
198704,-0.021100,-0.016900,-0.003900,0.00440,0.002600
198705,0.001100,-0.005000,0.002300,0.00380,-0.006800
198706,0.039400,-0.021200,0.010400,0.00480,-0.002000
198707,0.038500,-0.006600,0.007300,0.00460,0.026700
198708,0.035200,-0.007700,-0.009500,0.00470,-0.008700
198709,-0.025900,0.005600,0.003000,0.00450,0.007100
198710,-0.232400,-0.084000,0.042300,0.00600,-0.078600
198711,-0.077700,0.027500,0.029600,0.00350,-0.011400
198712,0.068100,0.001200,-0.043900,0.00390,0.058300
198801,0.042100,-0.007600,0.049500,0.00290,-0.075800
198802,0.047500,0.033400,-0.016900,0.00460,-0.015400
198803,-0.022700,0.061400,0.007400,0.00440,0.006300
198804,0.005600,0.009800,0.016300,0.00460,0.022500
198805,-0.002900,-0.026100,0.024200,0.00510,0.006400
198806,0.047900,0.021000,-0.012200,0.00490,-0.029100
198807,-0.012500,-0.002600,0.021700,0.00510,0.006300
198808,-0.033100,0.000400,0.021000,0.00590,0.003300
198809,0.033000,-0.013000,-0.007500,0.00620,0.002300
198810,0.011500,-0.029200,0.016900,0.00610,0.013100
198811,-0.022900,-0.017100,0.013000,0.00570,0.004200
198812,0.014900,0.019700,-0.016100,0.00630,0.004200
198901,0.061000,-0.022200,0.006200,0.00550,-0.001400
198902,-0.022500,0.028200,0.009300,0.00610,0.009400
198903,0.015700,0.006700,0.005400,0.00670,0.035600
198904,0.043300,-0.006800,-0.014000,0.00670,0.016900
198905,0.033500,-0.000500,-0.008700,0.00790,0.015600
198906,-0.013500,-0.010200,0.022300,0.00710,0.006300
198907,0.072000,-0.041600,-0.027900,0.00700,0.054100
198908,0.014400,0.005600,0.006000,0.00740,-0.001500
198909,-0.007600,0.003200,-0.012700,0.00650,0.034000
198910,-0.036700,-0.032400,-0.011100,0.00680,0.013600
198911,0.010300,-0.012400,-0.010900,0.00690,0.025800
198912,0.011600,-0.023700,0.001600,0.00610,0.027900
199001,-0.078500,-0.012500,0.008500,0.00570,-0.032800
199002,0.011100,0.009700,0.006400,0.00570,-0.005300
199003,0.018300,0.014600,-0.029200,0.00640,0.016400
199004,-0.033600,-0.004500,-0.025900,0.00690,0.024300
199005,0.084200,-0.025600,-0.038300,0.00680,0.030500
199006,-0.010900,0.013600,-0.019300,0.00630,0.024300
199007,-0.019000,-0.030900,-0.000400,0.00680,0.059400
199008,-0.101500,-0.035600,0.016000,0.00660,0.017600
199009,-0.061200,-0.036700,0.006100,0.00600,0.055600
199010,-0.019200,-0.055300,0.000000,0.00680,0.067300
199011,0.063500,0.004500,-0.029700,0.00570,-0.056200
199012,0.024600,0.008200,-0.016300,0.00600,0.000200
199101,0.046900,0.038300,-0.015700,0.00520,-0.065500
199102,0.071900,0.039900,-0.006300,0.00480,-0.047500
199103,0.026500,0.039000,-0.013000,0.00440,0.027600
199104,-0.002800,0.004800,0.014500,0.00530,-0.024000
199105,0.036500,-0.004000,-0.004900,0.00470,-0.000900
199106,-0.049400,0.001500,0.010700,0.00420,0.004600
199107,0.042400,-0.009100,-0.013200,0.00490,0.043400
199108,0.023200,0.015900,-0.007800,0.00460,0.016300
199109,-0.015900,0.016400,-0.010700,0.00460,0.017300
199110,0.012900,0.008100,-0.004600,0.00420,0.032200
199111,-0.041900,-0.005000,-0.018800,0.00390,0.012600
199112,0.108400,-0.022400,-0.041800,0.00380,0.083000
199201,-0.005900,0.084600,0.047000,0.00340,-0.025100
199202,0.010900,0.008700,0.064700,0.00280,-0.005800
199203,-0.026600,-0.010400,0.035500,0.00340,-0.003600
199204,0.010700,-0.060600,0.043200,0.00320,-0.025400
199205,0.003000,0.004100,0.011900,0.00280,0.001300
199206,-0.023400,-0.030700,0.032500,0.00320,-0.006100
199207,0.037700,-0.005100,-0.005500,0.00310,0.014400
199208,-0.023800,-0.001400,-0.010800,0.00260,-0.005100
199209,0.011900,0.004900,-0.002300,0.00260,0.014300
199210,0.010200,0.021000,-0.019800,0.00230,0.027100
199211,0.041300,0.037900,-0.014200,0.00230,-0.003400
199212,0.015300,0.016700,0.026500,0.00280,0.044400
199301,0.009300,0.018500,0.059500,0.00230,0.048300
199302,0.001200,-0.034900,0.064400,0.00220,0.031000
199303,0.023000,0.002300,0.011900,0.00250,0.037400
199304,-0.030500,-0.006800,0.024800,0.00240,0.003300
199305,0.028900,0.020800,-0.035000,0.00220,0.003000
199306,0.003100,-0.002600,0.027200,0.00250,0.045700
199307,-0.003400,0.009000,0.028200,0.00240,0.032500
199308,0.037100,0.001400,0.001400,0.00250,0.025800
199309,-0.001200,0.029800,-0.003500,0.00260,0.034100
199310,0.014100,0.020300,-0.027800,0.00220,-0.026700
199311,-0.018900,-0.011300,-0.006600,0.00250,-0.047100
199312,0.016500,0.012000,0.002700,0.00230,0.022800
199401,0.028700,0.005100,0.012800,0.00250,0.000200
199402,-0.025500,0.028000,-0.015600,0.00210,-0.002900
199403,-0.047800,-0.011400,0.015500,0.00270,-0.013300
199404,0.006800,-0.009200,0.016600,0.00270,0.004100
199405,0.005800,-0.021200,0.007000,0.00310,-0.021500
199406,-0.030300,-0.004000,0.016700,0.00310,-0.008200
199407,0.028200,-0.017600,0.005700,0.00280,0.001900
199408,0.040100,0.014300,-0.025000,0.00370,0.015600
199409,-0.023100,0.031100,-0.018400,0.00370,0.013300
199410,0.013400,-0.022600,-0.016300,0.00380,0.014300
199411,-0.040400,0.003100,-0.007300,0.00370,-0.002000
199412,0.008600,0.001900,-0.000900,0.00440,0.035000
199501,0.018000,-0.034400,0.025100,0.00420,-0.018200
199502,0.036300,-0.006600,0.010900,0.00400,-0.003600
199503,0.021900,-0.002100,-0.020800,0.00460,0.003800
199504,0.021100,-0.004900,0.017000,0.00440,0.018000
199505,0.029000,-0.025200,0.022700,0.00540,-0.004400
199506,0.027200,0.031500,-0.025400,0.00470,0.029000
199507,0.037200,0.020600,-0.015900,0.00450,0.025300
199508,0.005500,0.013600,0.028100,0.00470,0.000900
199509,0.033500,-0.022000,-0.000500,0.00430,0.027100
199510,-0.015200,-0.038000,-0.005100,0.00470,0.041100
199511,0.039600,-0.011100,0.005800,0.00420,-0.006500
199512,0.010300,0.007200,0.001800,0.00490,0.025400
199601,0.022600,-0.027300,0.004000,0.00430,0.005700
199602,0.013300,0.017800,-0.010700,0.00390,0.005700
199603,0.007300,0.015100,0.003600,0.00390,-0.018800
199604,0.020600,0.052200,-0.040500,0.00460,-0.009100
199605,0.023600,0.031800,-0.008900,0.00420,0.015500
199606,-0.011400,-0.039900,0.023800,0.00400,0.010100
199607,-0.059700,-0.043100,0.051400,0.00450,-0.001100
199608,0.027700,0.024600,-0.007400,0.00410,-0.000500
199609,0.050100,-0.009800,-0.027000,0.00440,0.027000
199610,0.008600,-0.044400,0.049400,0.00420,0.039100
199611,0.062500,-0.040500,0.013900,0.00410,-0.022300
199612,-0.017000,0.031700,0.013200,0.00460,0.006100
199701,0.049800,-0.019300,-0.014600,0.00450,0.019500
199702,-0.004900,-0.032000,0.056900,0.00390,-0.020500
199703,-0.050200,-0.003500,0.034000,0.00430,0.009600
199704,0.040400,-0.057800,0.000700,0.00430,0.049200
199705,0.067400,0.051900,-0.041200,0.00490,-0.051600
199706,0.041000,0.012400,0.015900,0.00370,0.026200
199707,0.073300,-0.027300,0.002900,0.00430,0.038100
199708,-0.041500,0.073100,0.012000,0.00410,-0.025500
199709,0.053500,0.025300,0.003800,0.00440,0.014500
199710,-0.038000,-0.007700,0.022500,0.00420,-0.003800
199711,0.029800,-0.051300,0.011900,0.00390,0.002900
199712,0.013200,-0.024700,0.038600,0.00480,0.039500
199801,0.001500,-0.010600,-0.015900,0.00430,0.001100
199802,0.070400,0.003400,-0.008500,0.00390,-0.011500
199803,0.047600,-0.011100,0.014100,0.00390,0.021500
199804,0.007300,0.000200,0.009000,0.00430,0.007800
199805,-0.030700,-0.033500,0.034000,0.00400,0.018800
199806,0.031800,-0.032300,-0.019600,0.00410,0.072600
199807,-0.024600,-0.049100,-0.017600,0.00400,0.036800
199808,-0.160800,-0.056800,0.036000,0.00430,0.018800
199809,0.061500,0.001000,-0.033700,0.00460,-0.007100
199810,0.071300,-0.031200,-0.022900,0.00320,-0.053600
199811,0.061000,0.012000,-0.032300,0.00310,0.011600
199812,0.061600,-0.005100,-0.041800,0.00380,0.089900
199901,0.035000,0.007800,-0.046200,0.00350,0.030400
199902,-0.040800,-0.060600,0.018800,0.00350,-0.001600
199903,0.034500,-0.037700,-0.027700,0.00430,-0.012900
199904,0.043300,0.039500,0.024100,0.00370,-0.090600
199905,-0.024600,0.033700,0.023000,0.00340,-0.052800
199906,0.047700,0.031400,-0.032600,0.00400,0.048800
199907,-0.034900,0.026000,-0.004200,0.00380,0.015100
199908,-0.013800,-0.009400,-0.018400,0.00390,0.029200
199909,-0.027900,0.034400,-0.034800,0.00390,0.064600
199910,0.061200,-0.066100,-0.033700,0.00390,0.054700
199911,0.033700,0.072200,-0.061600,0.00360,0.056200
199912,0.077200,0.069900,-0.083200,0.00440,0.131900
200001,-0.047400,0.057900,-0.018900,0.00410,0.018600
200002,0.024500,0.214800,-0.098100,0.00430,0.183600
200003,0.052000,-0.172900,0.082300,0.00470,-0.063900
200004,-0.064000,-0.066300,0.072500,0.00460,-0.085700
200005,-0.044200,-0.061100,0.048300,0.00500,-0.090800
200006,0.046400,0.128000,-0.084100,0.00400,0.165900
200007,-0.025100,-0.030800,0.083300,0.00480,-0.001100
200008,0.070300,-0.006300,-0.013700,0.00500,0.057000
200009,-0.054500,-0.017300,0.071700,0.00510,0.022000
200010,-0.027600,-0.039300,0.056400,0.00560,-0.046300
200011,-0.107200,-0.033900,0.123400,0.00510,-0.024000
200012,0.011900,0.007300,0.076000,0.00500,0.067000
200101,0.031300,0.066800,-0.051100,0.00540,-0.250500
200102,-0.100500,-0.007400,0.124800,0.00380,0.125100
200103,-0.072600,0.002700,0.064300,0.00420,0.083500
200104,0.079400,0.005600,-0.046900,0.00390,-0.079700
200105,0.007200,0.025000,0.033600,0.00320,0.021200
200106,-0.019400,0.062700,-0.011300,0.00280,0.003400
200107,-0.021300,-0.041900,0.052100,0.00300,0.054700
200108,-0.064600,0.024800,0.023000,0.00310,0.055400
200109,-0.092500,-0.062500,0.014600,0.00280,0.115400
200110,0.024600,0.074900,-0.076600,0.00220,-0.084100
200111,0.075400,-0.004700,0.022200,0.00170,-0.085800
200112,0.016000,0.047300,0.008500,0.00150,-0.000100
200201,-0.014400,0.011900,0.034400,0.00140,0.036800
200202,-0.022900,-0.010000,0.021600,0.00130,0.067700
200203,0.042400,0.042100,0.010600,0.00130,-0.016700
200204,-0.052000,0.059600,0.038800,0.00150,0.079500
200205,-0.013800,-0.032100,0.015300,0.00140,0.029700
200206,-0.072100,0.042800,-0.000300,0.00130,0.061500
200207,-0.081800,-0.052600,-0.038700,0.00150,0.033400
200208,0.005000,-0.028700,0.033100,0.00140,0.017600
200209,-0.103500,0.024300,0.014400,0.00140,0.090900
200210,0.078400,-0.034100,-0.039500,0.00140,-0.053100
200211,0.059600,0.032300,-0.012700,0.00120,-0.161900
200212,-0.057600,0.001100,0.021300,0.00110,0.096400
200301,-0.025700,0.013000,-0.007300,0.00100,0.016000
200302,-0.018800,-0.004600,-0.013800,0.00090,0.012500
200303,0.010900,0.010400,-0.019300,0.00100,0.016000
200304,0.082200,0.006700,0.011700,0.00100,-0.094900
200305,0.060500,0.047100,0.005300,0.00090,-0.108500
200306,0.014200,0.017400,0.001900,0.00100,-0.010900
200307,0.023500,0.051100,-0.011900,0.00070,-0.003100
200308,0.023400,0.026200,0.015400,0.00070,-0.005500
200309,-0.012400,0.008000,0.001000,0.00080,-0.001900
200310,0.060800,0.026300,0.019200,0.00070,0.037300
200311,0.013500,0.020000,0.018100,0.00070,0.016300
200312,0.042900,-0.027100,0.016000,0.00080,-0.056900
200401,0.021500,0.025400,0.024600,0.00070,0.025900
200402,0.014000,-0.015200,0.008700,0.00060,-0.010700
200403,-0.013200,0.017500,0.002300,0.00090,0.002200
200404,-0.018300,-0.017400,-0.030200,0.00080,-0.053700
200405,0.011700,-0.002500,-0.002300,0.00060,0.015900
200406,0.018600,0.022800,0.012300,0.00080,0.020900
200407,-0.040600,-0.038000,0.032200,0.00100,-0.022800
200408,0.000800,-0.014900,0.010000,0.00110,-0.015800
200409,0.016000,0.030200,-0.000200,0.00110,0.052500
200410,0.014300,0.001500,-0.002500,0.00110,-0.015200
200411,0.045400,0.037300,0.014500,0.00150,0.032300
200412,0.034300,-0.000300,-0.002100,0.00160,-0.028300
200501,-0.027600,-0.017200,0.020700,0.00160,0.031900
200502,0.018900,-0.005700,0.015400,0.00160,0.031800
200503,-0.019700,-0.014000,0.020500,0.00210,0.005500
200504,-0.026100,-0.039300,0.000500,0.00210,-0.008500
200505,0.036500,0.028800,-0.005900,0.00240,0.004300
200506,0.005700,0.025900,0.028100,0.00230,0.020600
200507,0.039200,0.029000,-0.007800,0.00240,-0.000300
200508,-0.012200,-0.009800,0.013400,0.00300,0.022700
200509,0.004900,-0.006700,0.006900,0.00290,0.034500
200510,-0.020200,-0.012300,0.004100,0.00270,-0.013000
200511,0.036100,0.009900,-0.012000,0.00310,0.002700
200512,-0.002500,-0.004100,0.002200,0.00320,0.007600
200601,0.030400,0.054200,0.010900,0.00350,0.026800
200602,-0.003000,-0.004000,-0.003700,0.00340,-0.018400
200603,0.014600,0.034500,0.005500,0.00370,0.012600
200604,0.007300,-0.014300,0.023400,0.00360,0.006100
200605,-0.035700,-0.029800,0.023900,0.00430,-0.036500
200606,-0.003500,-0.003800,0.008000,0.00400,0.014700
200607,-0.007800,-0.039900,0.026200,0.00400,-0.022200
200608,0.020300,0.010100,-0.020400,0.00420,-0.034600
200609,0.018400,-0.013400,0.000600,0.00410,-0.009500
200610,0.032300,0.017200,-0.002600,0.00410,-0.002400
200611,0.017100,0.007200,0.001100,0.00420,-0.010100
200612,0.008700,-0.011300,0.027100,0.00400,0.008400
200701,0.014000,0.001400,-0.007000,0.00440,0.001800
200702,-0.019600,0.011800,-0.001200,0.00380,-0.013600
200703,0.006800,0.001500,-0.009400,0.00430,0.025000
200704,0.034900,-0.021700,-0.014300,0.00440,-0.001500
200705,0.032400,0.002300,-0.006200,0.00410,-0.002700
200706,-0.019600,0.007600,-0.010700,0.00400,0.003900
200707,-0.037300,-0.026100,-0.037300,0.00400,0.028100
200708,0.009200,-0.001400,-0.018900,0.00420,0.001000
200709,0.032200,-0.022200,-0.022300,0.00320,0.045700
200710,0.018000,0.001200,-0.031100,0.00320,0.048800
200711,-0.048300,-0.029300,-0.009400,0.00340,0.009000
200712,-0.008700,0.001600,-0.005200,0.00270,0.065400
200801,-0.063600,-0.009800,0.040100,0.00210,-0.078800
200802,-0.030900,-0.004100,-0.008400,0.00130,0.061100
200803,-0.009300,0.007700,0.003500,0.00170,0.041000
200804,0.046000,-0.017200,-0.010900,0.00180,-0.003300
200805,0.018600,0.029500,-0.015300,0.00180,0.032100
200806,-0.084400,0.012400,-0.027000,0.00170,0.125400
200807,-0.007700,0.025600,0.052700,0.00150,-0.051300
200808,0.015300,0.035000,0.014800,0.00130,-0.040300
200809,-0.092400,-0.012400,0.059000,0.00150,0.003600
200810,-0.172300,-0.025200,-0.022200,0.00080,0.077900
200811,-0.078600,-0.028700,-0.063000,0.00030,0.071700
200812,0.017400,0.034900,0.000700,0.00000,-0.050700
200901,-0.081200,0.001800,-0.111100,0.00000,-0.018200
200902,-0.101000,0.001300,-0.069100,0.00010,0.040300
200903,0.089500,0.000000,0.033400,0.00020,-0.116100
200904,0.101800,0.052800,0.052600,0.00010,-0.343900
200905,0.052100,-0.025200,0.003700,0.00000,-0.124700
200906,0.004300,0.026600,-0.027200,0.00010,0.053000
200907,0.077200,0.018700,0.048400,0.00010,-0.053700
200908,0.033300,-0.010800,0.076300,0.00010,-0.088200
200909,0.040800,0.024300,0.010400,0.00010,-0.049500
200910,-0.025900,-0.043400,-0.042000,0.00000,0.026600
200911,0.055600,-0.023900,-0.003300,0.00000,0.003300
200912,0.027500,0.060400,-0.001700,0.00010,0.029100
201001,-0.033600,0.004000,0.004300,0.00000,-0.053600
201002,0.034000,0.011900,0.032200,0.00000,0.036300
201003,0.063100,0.014800,0.022100,0.00010,0.037100
201004,0.020000,0.048700,0.028900,0.00010,0.032100
201005,-0.078900,0.000900,-0.024400,0.00010,-0.001700
201006,-0.055700,-0.018100,-0.047000,0.00010,-0.029900
201007,0.069300,0.002400,-0.003000,0.00010,0.019000
201008,-0.047700,-0.029500,-0.019600,0.00010,-0.001800
201009,0.095400,0.039600,-0.031700,0.00010,0.013500
201010,0.038800,0.012100,-0.024900,0.00010,0.016600
201011,0.006000,0.037700,-0.008800,0.00010,0.025400
201012,0.068200,0.006700,0.037800,0.00010,-0.031800
201101,0.019900,-0.024400,0.007700,0.00010,-0.002900
201102,0.034900,0.014700,0.012400,0.00010,0.020800
201103,0.004600,0.025600,-0.018800,0.00010,0.035200
201104,0.029000,-0.003200,-0.024800,0.00000,0.000600
201105,-0.012700,-0.006500,-0.020000,0.00000,-0.005700
201106,-0.017500,-0.001400,-0.003800,0.00000,0.017700
201107,-0.023500,-0.012900,-0.009100,0.00000,-0.000100
201108,-0.059900,-0.030700,-0.024000,0.00010,-0.003400
201109,-0.075900,-0.033300,-0.017600,0.00000,-0.025200
201110,0.113500,0.033000,0.001200,0.00000,-0.014400
201111,-0.002800,-0.001700,-0.004600,0.00000,0.040100
201112,0.007400,-0.006000,0.016100,0.00000,0.019800
201201,0.050500,0.020600,-0.009400,0.00000,-0.079400
201202,0.044200,-0.018600,0.004300,0.00000,-0.002800
201203,0.031100,-0.006600,0.011200,0.00000,0.015100
201204,-0.008500,-0.004100,-0.007700,0.00000,0.038300
201205,-0.061900,0.000900,-0.010600,0.00010,0.066300
201206,0.038900,0.006400,0.005900,0.00000,-0.007600
201207,0.007900,-0.027200,-0.001200,0.00000,0.031000
201208,0.025500,0.004800,0.013000,0.00010,-0.024700
201209,0.027300,0.005400,0.015800,0.00010,-0.010600
201210,-0.017600,-0.011700,0.035600,0.00010,0.000800
201211,0.007800,0.006100,-0.008300,0.00010,0.004000
201212,0.011800,0.015200,0.035300,0.00010,-0.029500
201301,0.055700,0.003100,0.009500,0.00000,-0.019000
201302,0.012900,-0.003300,0.001000,0.00000,0.013100
201303,0.040300,0.008300,-0.002300,0.00000,0.019600
201304,0.015500,-0.023600,0.005000,0.00000,0.002700
201305,0.028000,0.017200,0.026700,0.00000,-0.017400
201306,-0.012000,0.013200,0.000500,0.00000,0.005800
201307,0.056500,0.018700,0.005700,0.00000,0.017800
201308,-0.027100,0.002600,-0.026800,0.00000,0.000200
201309,0.037700,0.029000,-0.012300,0.00000,0.029600
201310,0.041800,-0.015600,0.012600,0.00000,0.001700
201311,0.031300,0.012900,0.002800,0.00000,0.004400
201312,0.028100,-0.004600,-0.000100,0.00000,0.000700
201401,-0.033200,0.009200,-0.020200,0.00000,0.017400
201402,0.046500,0.003700,-0.003100,0.00000,0.020500
201403,0.004300,-0.018700,0.049200,0.00000,-0.033800
201404,-0.001900,-0.042000,0.011400,0.00000,-0.037700
201405,0.020600,-0.018900,-0.001300,0.00000,0.012100
201406,0.026100,0.030900,-0.006900,0.00000,0.007400
201407,-0.020400,-0.042800,0.000200,0.00000,-0.002400
201408,0.042400,0.003900,-0.004400,0.00000,0.007900
201409,-0.019700,-0.037200,-0.013500,0.00000,0.004400
201410,0.025200,0.042200,-0.018300,0.00000,-0.000400
201411,0.025500,-0.020500,-0.030900,0.00000,0.010600
201412,-0.000600,0.025000,0.022700,0.00000,0.010900
201501,-0.031100,-0.005400,-0.036100,0.00000,0.038100
201502,0.061400,0.006100,-0.018700,0.00000,-0.028300
201503,-0.011200,0.030700,-0.004100,0.00000,0.030000
201504,0.005900,-0.030400,0.018300,0.00000,-0.073200
201505,0.013600,0.009200,-0.011300,0.00000,0.060300
201506,-0.015300,0.029000,-0.007800,0.00000,0.030700
201507,0.015400,-0.042000,-0.040700,0.00000,0.102900
201508,-0.060400,0.003600,0.028000,0.00000,-0.020900
201509,-0.030700,-0.026300,0.005800,0.00000,0.053500
201510,0.077500,-0.018600,-0.004500,0.00000,-0.040300
201511,0.005600,0.036000,-0.003900,0.00000,0.022100
201512,-0.021700,-0.028100,-0.025900,0.00010,0.034100
201601,-0.057700,-0.033900,0.020700,0.00010,0.013400
201602,-0.000800,0.008100,-0.005800,0.00020,-0.040600
201603,0.069600,0.007500,0.011000,0.00020,-0.051300
201604,0.009200,0.006800,0.031900,0.00010,-0.062600
201605,0.017800,-0.001900,-0.016500,0.00010,0.021400
201606,-0.000500,0.005800,-0.014500,0.00020,0.041100
201607,0.039500,0.025100,-0.012900,0.00020,-0.030800
201608,0.005000,0.011700,0.031100,0.00020,-0.031700
201609,0.002500,0.021300,-0.012100,0.00020,-0.005300
201610,-0.020200,-0.044100,0.041200,0.00020,0.006900
201611,0.048600,0.056700,0.082100,0.00010,-0.040700
201612,0.018200,0.000900,0.036000,0.00030,-0.003800
201701,0.019400,-0.011300,-0.027400,0.00040,-0.009800
201702,0.035700,-0.020400,-0.016700,0.00040,-0.016300
201703,0.001700,0.011300,-0.033300,0.00030,-0.009200
201704,0.010900,0.007200,-0.021300,0.00050,0.004400
201705,0.010600,-0.025200,-0.037500,0.00060,0.014600
201706,0.007800,0.022300,0.014900,0.00060,-0.003200
201707,0.018700,-0.014600,-0.002200,0.00070,0.016600
201708,0.001600,-0.016500,-0.020700,0.00090,0.035500
201709,0.025100,0.044500,0.030900,0.00090,-0.011800
201710,0.022500,-0.019300,0.002200,0.00090,0.043000
201711,0.031200,-0.005600,-0.000500,0.00080,-0.007100
201712,0.010600,-0.013200,0.000300,0.00090,-0.016300
201801,0.055800,-0.031800,-0.013600,0.00110,0.039400
201802,-0.036500,0.002600,-0.010300,0.00110,0.039700
201803,-0.023500,0.040600,-0.002300,0.00120,-0.012800
201804,0.002900,0.011000,0.004800,0.00140,0.002700
201805,0.026500,0.053100,-0.031300,0.00140,0.038000
201806,0.004800,0.011300,-0.023300,0.00140,-0.023800
201807,0.031900,-0.022500,0.004500,0.00160,-0.016700
201808,0.034400,0.011400,-0.039800,0.00160,0.052200
201809,0.000600,-0.023000,-0.017000,0.00150,-0.000600
201810,-0.076800,-0.048200,0.034300,0.00190,-0.018400
201811,0.016900,-0.006800,0.002600,0.00180,-0.013300
201812,-0.095500,-0.024200,-0.019000,0.00190,0.018500
201901,0.084100,0.029000,-0.004400,0.00210,-0.086500
201902,0.034000,0.020400,-0.026800,0.00180,0.008600
201903,0.011000,-0.029800,-0.040500,0.00190,0.021400
201904,0.039600,-0.017400,0.021700,0.00210,-0.025500
201905,-0.069400,-0.013400,-0.023700,0.00210,0.076000
201906,0.069300,0.002500,-0.007100,0.00180,-0.021400
201907,0.011900,-0.019400,0.004200,0.00190,0.027200
201908,-0.025800,-0.023200,-0.049500,0.00160,0.076400
201909,0.014300,-0.009700,0.068300,0.00180,-0.068500
201910,0.020600,0.002800,-0.019300,0.00150,0.002900
201911,0.038700,0.008000,-0.020200,0.00120,-0.026000
201912,0.027700,0.007200,0.017900,0.00140,-0.022700
202001,-0.001100,-0.031300,-0.062400,0.00130,0.054300
202002,-0.081300,0.010300,-0.037900,0.00120,-0.002300
202003,-0.133800,-0.048900,-0.140200,0.00120,0.085400
202004,0.136500,0.024700,-0.011800,0.00000,-0.054900
202005,0.055800,0.024500,-0.048000,0.00010,0.006700
202006,0.024600,0.026900,-0.020400,0.00010,-0.007500
202007,0.057700,-0.022800,-0.015300,0.00010,0.076100
202008,0.076300,-0.002600,-0.029200,0.00010,0.005100
202009,-0.036300,0.000200,-0.026200,0.00010,0.030500
202010,-0.021000,0.044100,0.041600,0.00010,-0.030300
202011,0.124700,0.056500,0.021300,0.00010,-0.122500
202012,0.046300,0.048200,-0.014300,0.00010,-0.024200
