date,ps_level,ps_innov,liq
196801,-0.02152297,0.00202722,-0.02086175
196802,-0.03459975,-0.01972854,0.02197712
196803,-0.11694515,-0.08264259,0.01057792
196804,0.02245346,0.08809128,0.00915347
196805,-0.02061359,0.01098892,-0.01774824
196806,0.00822582,0.03166385,0.00042735
196807,-0.01049674,0.00778298,-0.03620883
196808,-0.02020095,-0.00936513,0.00601579
196809,-0.00870761,0.01378749,0.00953921
196810,0.00660594,0.02597528,-0.00088817
196811,-0.00022599,0.01498096,-0.00881651
196812,-0.02857531,-0.01152191,0.01184482
196901,-0.0337886,-0.00813598,0.0244478
196902,-0.02503088,0.0109685,0.05900419
196903,-0.02256787,0.0066252,-0.01704519
196904,-0.01274432,0.00879775,0.01892827
196905,0.01158513,0.04551378,0.01366945
196906,-0.04735727,-0.03936952,0.059309
196907,-0.12262313,-0.09256159,0.03570685
196908,-0.08789173,-0.04533371,-0.00522826
196909,0.01326168,0.0909957,0.0187526
196910,-0.06038184,-0.02491061,-0.05876586
196911,0.01656803,0.03963811,0.03169131
196912,-0.01985159,-0.02535264,0.03674571
197001,-0.11018592,-0.06906808,0.0235681
197002,-0.08139735,-0.00977016,-0.05868693
197003,-0.13845329,-0.06286627,0.0023728
197004,-0.09427202,-0.02851421,0.04070456
197005,-0.24058595,-0.19544468,-0.07564881
197006,-0.18762468,-0.13698813,-0.03427691
197007,-0.01379429,0.06653644,-0.00023298
197008,-0.06668903,0.00897839,0.00002363
197009,-0.06687487,-0.01418854,-0.01722116
197010,0.09627185,0.09705168,-0.01507792
197011,-0.05985656,-0.04720098,-0.00518356
197012,-0.07305852,-0.01710815,0.05062283
197101,0.01775796,0.04391458,-0.05148672
197102,-0.064488,-0.03762345,-0.0210008
197103,0.0317021,0.06159148,0.01722159
197104,-0.00998388,0.00654229,0.02730959
197105,-0.01940867,-0.02770784,0.00571536
197106,-0.04414571,-0.01334807,-0.03743005
197107,-0.10142136,-0.03322561,-0.00041068
197108,-0.04506878,-0.00671366,0.02398105
197109,0.01981,0.06112746,0.00553154
197110,-0.05637408,-0.01300372,0.03750459
197111,-0.09198778,-0.03807604,0.00751077
197112,0.00850079,0.04769766,0.00199699
197201,-0.09412363,-0.08155979,-0.03374327
197202,-0.03059879,0.01612639,0.00993984
197203,-0.01137304,0.02530207,0.03309115
197204,-0.00295654,0.01755833,0.01508518
197205,-0.06445365,-0.04386567,-0.00148126
197206,0.00610801,0.0027417,0.01372639
197207,-0.08959345,-0.06776759,0.01622972
197208,0.01435214,0.02150417,-0.03104982
197209,-0.01895372,0.0259046,-0.01488973
197210,-0.03986232,-0.02411673,-0.01545361
197211,-0.01686769,-0.03295676,-0.00776205
197212,-0.07355568,-0.03660608,0.00882111
197301,-0.05636308,-0.02760023,-0.01481098
197302,-0.04829286,0.02663892,-0.01086541
197303,-0.03071518,-0.01370601,-0.01271889
197304,-0.04066723,-0.01113607,0.02308621
197305,-0.11566841,-0.06513352,-0.00263267
197306,-0.19991624,-0.16428826,-0.03231649
197307,-0.09645608,-0.00884419,0.0024503
197308,-0.09587882,-0.02454659,0.01594605
197309,-0.12252505,-0.00270459,0.01702629
197310,-0.0534264,0.02498777,-0.04308556
197311,-0.30129471,-0.23836639,-0.0265017
197312,-0.13417844,-0.08197568,-0.01684214
197401,-0.16222605,-0.06680593,0.10501732
197402,-0.12002965,-0.05406207,0.03898203
197403,-0.00128674,0.1148352,0.04593273
197404,-0.04192205,0.00220313,0.02365498
197405,-0.10176169,-0.08477524,0.06008724
197406,-0.06937052,-0.06521746,-0.01077655
197407,-0.2311552,-0.13645609,-0.00473158
197408,-0.1018596,-0.06227357,-0.0286962
197409,-0.11031084,-0.06586937,0.02436165
197410,-0.08565812,0.00644177,-0.07885913
197411,-0.08357406,0.03442125,-0.01939789
197412,-0.10467737,-0.0417465,0.02044962
197501,-0.11363574,-0.07645153,0.10883999
197502,-0.07571976,0.01812169,0.03674259
197503,-0.13072553,0.00623149,0.05999037
197504,0.00011554,0.03558312,0.00210471
197505,-0.06664547,-0.01210685,-0.03234878
197506,0.02342978,0.02373394,-0.01805181
197507,-0.05962827,-0.02819902,-0.00983661
197508,-0.12755964,-0.12215161,-0.00842826
197509,-0.08967729,-0.05322922,-0.01923828
197510,-0.06496285,0.02543765,0.09125723
197511,0.00741821,0.02799526,0.03609542
197512,-0.02442816,-0.02146334,-0.00323456
197601,-0.06026915,-0.03545591,0.01755052
197602,-0.01850114,0.05062813,-0.04261414
197603,-0.01869402,0.00834891,-0.01655556
197604,-0.02836402,-0.04878687,-0.01947486
197605,-0.09014351,-0.08799559,-0.04169475
197606,-0.06495307,-0.02395872,-0.00622104
197607,-0.0913742,-0.05390076,-0.02753544
197608,-0.01515902,0.03138774,0.01783943
197609,-0.03775432,0.01739135,-0.01533322
197610,-0.08540869,-0.0449655,0.00439052
197611,-0.08199309,-0.02171245,-0.02341377
197612,-0.02603545,0.05541215,-0.01257718
197701,-0.06249116,-0.04514595,-0.03111569
197702,-0.00039971,0.03538227,-0.01063134
197703,-0.05633518,0.03156194,0.0110664
197704,-0.01072185,-0.00996349,-0.02957247
197705,-0.03332456,-0.01486819,0.01764153
197706,-0.00864341,0.01607481,0.02062001
197707,-0.04816932,-0.01434662,0.00105081
197708,-0.0441222,0.00462139,0.03122732
197709,-0.04748178,-0.02206055,0.01184949
197710,-0.03260695,-0.00235343,-0.0113563
197711,-0.01279571,0.0279253,0.00411296
197712,0.02084873,0.03478454,-0.00533581
197801,-0.04222258,-0.00710093,0.00576362
197802,-0.01929822,0.01239097,-0.00164297
197803,-0.0104943,0.00274672,0.01568233
197804,-0.00780383,0.01823995,0.03447846
197805,0.01785201,0.02097252,0.01246015
197806,0.01073519,0.0126231,0.00816507
197807,-0.04349239,-0.0368161,0.02739885
197808,0.02096417,0.03612548,-0.00124714
197809,-0.00570674,-0.01233423,-0.02601002
197810,-0.10828928,-0.10299497,0.04434662
197811,-0.07491575,-0.03165842,-0.035245
197812,-0.03422058,0.03671039,0.00439879
197901,-0.01441439,0.02472947,-0.00997206
197902,-0.03296427,0.00693807,-0.02951648
197903,-0.04381288,0.0211706,-0.00618526
197904,0.00478602,0.05511989,0.01756117
197905,-0.08102735,-0.04684656,-0.02161642
197906,-0.01188102,0.02304644,-0.01745838
197907,0.02263928,0.06101773,-0.0169061
197908,0.01305124,0.03559798,0.01554346
197909,-0.07426784,-0.06433814,-0.01165099
197910,-0.15447257,-0.10424803,-0.00122565
197911,-0.03883258,0.00846505,-0.0687413
197912,-0.00920058,0.02554243,-0.01634542
198001,-0.05958447,-0.01995062,-0.0011828
198002,-0.09784091,-0.04281488,0.01681297
198003,-0.14193797,-0.0862462,0.03135061
198004,-0.05117316,-0.02923197,-0.01028562
198005,0.03284126,0.07908525,-0.0069873
198006,-0.01566887,0.00203821,0.01083281
198007,-0.03519602,-0.01766119,-0.00792257
198008,0.00723605,0.05237466,0.01137689
198009,-0.04758752,-0.01760437,0.01353462
198010,-0.01239088,0.03473481,0.02801081
198011,-0.024235,0.00300066,0.02711584
198012,-0.05640115,-0.01384416,0.02796543
198101,-0.02295765,0.00382847,0.03993729
198102,-0.00759087,0.00052481,0.00206586
198103,-0.02136751,0.0128761,0.01536375
198104,-0.02811204,0.00984284,-0.01733653
198105,0.00737643,0.02851159,-0.02535517
198106,0.00168512,0.03013754,0.06057139
198107,-0.01763558,0.01030733,-0.0139918
198108,-0.07656454,-0.04403801,-0.00151579
198109,-0.15284117,-0.12043074,0.09453292
198110,-0.0456069,-0.0013399,-0.02318665
198111,-0.03155473,-0.01244691,0.06008077
198112,-0.02361177,0.02624983,0.0075927
198201,-0.06997491,-0.05862722,-0.02015572
198202,-0.12230408,-0.08193441,-0.01174033
198203,-0.03095186,0.00996939,0.04321288
198204,0.00482058,0.04424989,-0.02440709
198205,-0.00251925,-0.00844071,0.02937871
198206,-0.01228039,0.01935022,0.04982222
198207,0.01259251,0.01712201,-0.01620085
198208,-0.05756437,-0.03744684,-0.00479533
198209,-0.02624405,0.0240987,0.04229533
198210,-0.04193569,-0.00612287,-0.03734213
198211,-0.00449671,0.02781198,0.01039021
198212,0.00074071,0.02917276,-0.0316098
198301,-0.02969839,0.00113884,-0.05400334
198302,0.00850323,0.03890092,-0.03102775
198303,-0.04780716,-0.02712689,0.04124019
198304,-0.00442833,0.02499291,0.03768411
198305,-0.07841554,-0.04656628,0.01979461
198306,-0.00060507,0.05058745,0.00161806
198307,-0.04744861,-0.02527181,0.04651723
198308,-0.0414434,-0.01047879,0.04248757
198309,-0.02298211,0.02629236,0.0133854
198310,0.03345248,0.05935347,0.05601174
198311,0.01423521,0.0503122,-0.07239271
198312,-0.03348914,0.01430233,0.05041631
198401,-0.02523864,-0.00578668,0.06745702
198402,-0.04212508,-0.02778223,0.00870775
198403,-0.00978903,0.03006131,0.00486617
198404,-0.08441743,-0.04768477,0.0084832
198405,0.00697124,0.04583797,0.02408758
198406,-0.01612776,0.02456348,-0.00553726
198407,-0.02666257,0.0110819,0.01576677
198408,0.00195559,0.03273105,-0.02742872
198409,-0.01877108,0.01072251,0.02757599
198410,-0.02984971,-0.01162382,-0.00731473
198411,-0.00247202,0.00575262,0.01642862
198412,-0.03583779,-0.00345251,-0.00550148
198501,-0.00842383,0.01647614,-0.01576028
198502,-0.01047934,0.00567224,0.0253216
198503,0.00590567,0.00323412,0.04007483
198504,0.00999762,0.02939151,0.03801279
198505,0.00002201,0.02231235,-0.00774433
198506,-0.00496763,-0.00275295,0.00733651
198507,-0.02195187,0.02280637,-0.01779483
198508,0.02646643,0.03268333,0.02686818
198509,-0.01922848,-0.00932316,0.01096273
198510,-0.01873488,-0.01512617,0.05133601
198511,-0.0019892,0.02661202,0.00652371
198512,-0.01582624,0.02351662,-0.02018618
198601,-0.06552925,-0.03626618,0.01834367
198602,-0.00921279,0.01991605,0.00265464
198603,0.00795219,0.04409597,0.04138383
198604,0.02940447,0.02360488,-0.00457233
198605,0.00523409,0.01892851,0.02593823
198606,-0.07055883,-0.06597396,0.05798251
198607,-0.00224316,0.01820052,-0.01316594
198608,-0.02727706,0.01240982,-0.0281331
198609,-0.00465437,-0.02467579,0.04417669
198610,0.03935061,0.06205184,0.01676026
198611,0.01649946,0.02161415,-0.03107634
198612,0.01102618,0.03186131,-0.01192073
198701,-0.02906564,-0.00984161,-0.07341739
198702,0.00544025,0.02506565,-0.04335856
198703,-0.02364455,0.01648852,-0.00985237
198704,-0.12649836,-0.10953081,-0.03701776
198705,0.0052655,0.0307883,0.00951407
198706,0.00747036,0.05702725,0.02378235
198707,0.01872214,-0.02581607,0.01152099
198708,-0.00015518,0.011472,-0.04692197
198709,-0.04195289,-0.05558642,0.00548224
198710,-0.46143022,-0.39279272,0.03540442
198711,-0.02511653,-0.07097799,-0.00970268
198712,-0.10545586,-0.02680588,0.0051021
198801,-0.11095032,-0.07603817,0.04403158
198802,-0.03342877,0.06249954,0.00340222
198803,-0.03042057,0.02695936,-0.01999528
198804,0.00875387,0.02879477,-0.02540826
198805,-0.06857078,-0.00175341,-0.00534737
198806,0.00674872,0.01923889,-0.00984275
198807,0.01685931,0.03216092,-0.00860539
198808,-0.02477803,0.02645057,0.03559253
198809,-0.02332725,0.00096807,0.01503447
198810,-0.04266262,0.0029587,0.02371407
198811,-0.06690996,-0.00935157,-0.00079888
198812,-0.02435304,0.00229764,-0.04437137
198901,0.01821545,0.07429225,-0.00253105
198902,-0.00257917,0.01260549,-0.00315509
198903,0.0002363,0.00627815,-0.0095756
198904,-0.02155465,-0.00376689,-0.01689219
198905,0.04316963,0.04773402,-0.03947445
198906,-0.00159906,0.00041441,0.07688385
198907,0.01780266,0.02434939,0.03476273
198908,-0.08469954,-0.05395651,0.00485453
198909,0.02803304,0.01565413,-0.04735992
198910,-0.15740087,-0.11334323,0.02588414
198911,-0.0095812,0.01618851,-0.02464571
198912,-0.02159079,0.00853953,0.02271479
199001,-0.02319098,-0.0056052,-0.0338115
199002,-0.00455879,0.02559047,-0.02992397
199003,-0.02216372,0.03482259,-0.02601628
199004,0.01049139,0.00959439,0.05788329
199005,0.0113487,0.00936069,-0.00631234
199006,0.00240171,-0.00351631,0.02640566
199007,-0.0254841,-0.01576692,0.05108192
199008,0.02497992,0.00277534,0.04550806
199009,-0.01568347,0.05691408,0.02006349
199010,0.05201193,0.04885036,-0.01340196
199011,0.02180158,0.00699987,-0.01205725
199012,-0.05574343,-0.03059535,-0.03357507
199101,0.03896199,0.02228786,-0.09368777
199102,-0.02117577,-0.03840248,-0.02036569
199103,-0.0261188,-0.02596738,-0.00504698
199104,0.00646514,0.04362607,0.01733852
199105,-0.00605746,6.24E-6,-0.00883988
199106,0.04171325,0.04901772,0.02890272
199107,-0.00134881,0.00277703,0.01752819
199108,-0.01697014,-0.02156936,-0.01800622
199109,-0.01443778,0.01590167,0.01091772
199110,-0.02167411,0.01996916,0.02057336
199111,0.02613736,-0.00298392,0.0438126
199112,-0.05323512,-0.07396108,-0.05182236
199201,-0.06143215,-0.03844181,-0.06950411
199202,-0.0392557,0.01004122,-0.05088761
199203,-0.03850107,0.01722995,-0.00363603
199204,0.03362592,0.04558582,-0.00434155
199205,0.00129319,0.05018159,0.00252168
199206,0.06758835,0.0079652,0.02317403
199207,-0.03713605,-0.05249734,0.0235712
199208,-0.00577717,0.00346198,0.05003105
199209,0.01257838,0.03257315,-0.02288804
199210,-0.05945285,-0.05531572,-0.0212141
199211,0.00066856,0.0314954,-0.05875097
199212,0.00965986,0.02358106,-0.02856879
199301,0.00478333,0.03440114,-0.00214896
199302,-0.02510693,-0.00251058,0.06782499
199303,-0.03732509,-0.01035173,-0.04096191
199304,0.00301181,0.03129125,-0.01757492
199305,-0.01454372,0.01365965,0.04327865
199306,-0.01843859,0.0097259,-0.03221574
199307,-0.02059745,0.00572613,-0.0131466
199308,0.04139443,0.02342441,0.01569838
199309,0.02479967,0.03616234,-0.0762776
199310,0.00074332,0.01320585,0.04791693
199311,0.00754075,0.02076377,0.05129774
199312,0.04937983,0.03038129,0.01259124
199401,0.03872394,0.0682014,-0.00361544
199402,-0.05102415,-0.03982837,0.00979925
199403,-0.01682614,-0.01049607,0.02695421
199404,-0.07566088,-0.0523241,0.00612393
199405,-0.03897327,-0.00192667,0.03175964
199406,-0.07875602,-0.03496915,0.00005457
199407,0.01171714,0.06230411,-0.01059753
199408,-0.01747568,0.03535716,0.00507026
199409,0.02057101,0.01545154,0.03112048
199410,0.02947205,0.03141871,0.01237485
199411,-0.01553017,-0.04720425,-0.01963511
199412,-0.03327381,-0.01363677,0.01729069
199501,0.02207987,0.06136357,-0.03279159
199502,0.02342939,0.02390824,-0.00700056
199503,0.00997871,-0.01349801,0.01697178
199504,0.03154873,0.04956096,0.01060802
199505,-0.00229179,0.00301735,-0.00611823
199506,-0.02610713,-0.03398449,0.00737955
199507,-0.0069982,0.011424,0.04921159
199508,-0.00312187,0.0183819,-0.01005996
199509,-0.02976615,-0.02661747,-0.07500886
199510,-0.00930418,0.00444396,0.03448483
199511,0.03076915,0.05721576,-0.01948926
199512,-0.06593775,-0.03074379,-0.03359063
199601,-0.0159248,-0.00923186,0.06793406
199602,0.0242245,0.07435691,0.04276022
199603,-0.05219408,-0.04569289,-0.04639145
199604,-0.02548453,0.01681086,-0.04389764
199605,0.01177107,0.02336522,-0.02598256
199606,-0.00953222,-0.01035779,-0.05473623
199607,-0.03310392,-0.01088611,0.00280677
199608,0.06344509,0.08941247,0.00556336
199609,-0.00118043,-0.01850787,-0.01866779
199610,-0.01307404,-0.03778415,-0.00474323
199611,-0.00753794,-0.01314797,0.07254768
199612,0.01327599,0.0240992,-0.03183813
199701,-0.0169496,0.05039737,-0.03141478
199702,0.00269968,-0.01534005,-0.03932384
199703,-0.00768426,0.01527069,0.02138242
199704,0.01696851,0.01747112,0.05902431
199705,0.02749439,0.0421171,0.01536884
199706,-0.01007142,-0.00746441,0.00962123
199707,-0.00798009,0.00056119,0.02599752
199708,-0.05689298,-0.0118156,-0.00783015
199709,-0.02838423,0.0326157,-0.01551611
199710,-0.17153537,-0.11058614,-0.00139516
199711,0.02224616,0.07109806,0.05435908
199712,-0.02201884,0.03102344,0.00400618
199801,-0.04352756,-0.07192617,0.00741842
199802,-0.1204081,-0.00169617,0.05848336
199803,-0.05874171,-0.00741616,-0.0243133
199804,0.0401266,0.09436579,-0.01149626
199805,0.00684094,0.01257886,-0.01105658
199806,-0.0539423,-0.03206072,0.01674068
199807,-0.05160919,0.00017285,0.00349193
199808,-0.05080818,0.01173241,-0.02955903
199809,-0.27515771,-0.25767836,0.01533438
199810,-0.04263668,0.06029646,0.01448131
199811,0.04822847,0.11841736,0.00812597
199812,-0.14738865,-0.10787434,-0.00535786
199901,0.06408807,0.06633393,0.03896111
199902,-0.08640364,-0.06313299,0.0276192
199903,-0.06060971,-0.00622815,-0.00666621
199904,0.19787641,0.27841591,0.09830131
199905,-0.13422534,-0.1403358,-0.00934493
199906,0.0575335,0.05972902,0.03205062
199907,0.06747644,0.05568713,-0.01623663
199908,0.05101433,-0.01656378,-0.00025084
199909,-0.0483647,-0.07711905,-0.03586392
199910,0.09783398,0.08193338,0.09527135
199911,-0.00089915,-0.03936018,-0.01694107
199912,-0.07469592,-0.08525572,0.03895799
200001,-0.06839284,-0.04605702,0.0196141
200002,-0.04162797,-0.01235408,-0.0308988
200003,-0.00635052,0.11009498,-0.01123515
200004,-0.22431634,-0.21748125,-0.03381499
200005,0.06532549,0.0819905,0.0031227
200006,-0.18198733,-0.15634216,-0.02788096
200007,0.05848898,-0.06005756,0.11675388
200008,-0.07033186,0.01855778,-0.05028681
200009,-0.17042364,-0.15788549,-0.02168257
200010,-0.13568903,-0.0017888,0.04528509
200011,-0.14292137,-0.12592473,-0.00858397
200012,0.09465268,0.06599649,-0.00443181
200101,-0.12273458,-0.0327696,0.0683114
200102,-0.05092101,-0.06821444,0.04393804
200103,-0.05366146,0.02606656,0.07317705
200104,-0.07031392,0.09657144,0.00404694
200105,0.09950842,0.11542352,0.02767428
200106,0.01813637,0.08724237,0.00714508
200107,-0.0576242,-0.01244447,0.03803152
200108,-0.05913808,0.05342651,0.048928
200109,-0.04149742,-0.12167425,-0.0970508
200110,0.06749552,0.09826784,0.0340761
200111,0.02174702,-0.00695804,0.03442078
200112,0.0121251,0.05027908,0.06763465
200201,-0.06644489,-0.01185251,-0.01303372
200202,-0.01286437,-0.01224196,0.02393301
200203,0.0624558,0.02785774,0.08991159
200204,-0.10764339,-0.03178299,0.05470006
200205,-0.03307439,-0.04483228,0.05181104
200206,-0.1174694,-0.06013227,-0.00983171
200207,-0.06584427,0.00297068,-0.05913371
200208,-0.02520885,-0.00427644,-0.0019038
200209,-0.16797267,-0.08984598,-0.01711884
200210,-0.30822569,-0.14915904,0.03740641
200211,-0.03839596,0.01678924,0.03067066
200212,-0.17771917,-0.00761897,-0.01299143
200301,-0.08468988,-0.0850274,-0.02653535
200302,-0.03943618,-0.03718428,0.0075069
200303,-0.10797503,-0.06936028,0.00047226
200304,-0.04883222,-0.00545814,0.04124743
200305,0.02454139,0.01893834,0.01127813
200306,-0.01812024,-0.00238106,-0.00778027
200307,-0.03600104,0.01929753,0.06968007
200308,-0.01051529,0.00484476,0.0393575
200309,-0.10591103,-0.02415379,-0.00784658
200310,-0.03837221,0.01071312,0.01597152
200311,-0.03816218,-0.01150394,0.00427615
200312,-0.02103928,0.04382479,-0.0048028
200401,-0.10880131,-0.02235801,-0.05443749
200402,-0.03672963,-0.0584184,0.02477676
200403,0.02228914,0.06875543,0.02065276
200404,-0.05308257,0.01059288,-0.01521175
200405,-0.00057892,-0.01690248,0.00904162
200406,0.05571604,0.10814424,0.02022329
200407,-0.02550274,-0.00368253,0.06279619
200408,-0.00234088,0.03652112,0.05345076
200409,-0.03197207,-0.00376556,0.0048281
200410,0.01164025,0.01787592,0.00441949
200411,-0.02942346,0.02212884,0.01463329
200412,-0.06776842,-0.01263329,-0.03165891
200501,-0.00726991,0.01183362,0.04044509
200502,-0.05550401,-0.00420717,0.04450871
200503,-0.01898457,0.00219572,-0.00132561
200504,-0.12414055,-0.09683076,-0.05303603
200505,0.00728553,0.05079903,0.01267375
200506,0.00493558,0.08074549,0.04408991
200507,0.03258067,0.04056803,0.02473039
200508,-0.01230377,0.01204896,0.02345094
200509,-0.02288006,-0.01983778,0.0283177
200510,-0.04639038,0.00939983,-0.03949692
200511,0.08811642,0.06981766,0.01067487
200512,-0.03003918,-0.07770881,0.00169137
200601,-0.05892435,-0.04900483,0.02756819
200602,-0.05822714,-0.03921494,-0.02839748
200603,-0.01030871,0.03479374,0.00414386
200604,0.00726181,0.0179664,0.01708863
200605,-0.02156907,0.01130268,0.01251758
200606,-0.06734657,0.00192926,0.01781355
200607,0.00388041,-0.00103517,0.02337923
200608,0.01522413,-0.02673104,-0.0385289
200609,-0.05997617,-0.04478604,-0.01048976
200610,0.03216261,0.05983882,0.04461047
200611,-0.01066791,0.03938875,0.0260988
200612,0.03254139,0.02146887,-0.02536309
200701,0.04296943,0.01556545,0.01124775
200702,0.0024833,0.04175338,0.0341437
200703,-0.03568129,-0.02724071,0.01903779
200704,-0.01300089,0.00640973,0.01122286
200705,0.02896424,0.06286519,0.01731541
200706,0.0569214,0.08640833,0.0290538
200707,0.00097509,-0.0093127,0.02938156
200708,-0.15153407,-0.19118934,-0.00376736
200709,-0.04736919,-0.03584542,0.03076551
200710,-0.1902774,-0.04546599,0.05934349
200711,-0.16257079,-0.01861456,0.00872653
200712,-0.03759112,0.0355938,0.05963935
200801,-0.16036628,-0.06329605,-0.12776798
200802,0.08536388,-0.00981965,0.00418435
200803,-0.26869989,-0.15332371,0.06128142
200804,0.03059327,0.1070333,0.10203357
200805,-0.01972985,-0.0082378,0.06788095
200806,-0.09196788,-0.04281934,0.05163979
200807,-0.1748484,-0.0729179,-0.07636082
200808,-0.00451175,0.02708233,0.01303803
200809,-0.08906778,-0.23589634,-0.11851009
200810,-0.23076349,-0.05940537,-0.07244069
200811,0.07261688,0.1461311,-0.06106824
200812,-0.29270896,-0.1868173,-0.07916169
200901,-0.07527077,-0.17973982,0.10201878
200902,-0.04325515,0.02340295,0.04521074
200903,-0.10023486,-0.03000887,-0.05054573
200904,-0.09531105,-0.03992875,-0.01430456
200905,-0.06387591,0.07365989,0.02944643
200906,-0.04073017,0.01822114,-0.01314339
200907,0.07876725,0.03938655,-0.00528225
200908,-0.02570087,-0.01516506,-0.05517014
200909,0.01044196,0.06153625,0.07015341
200910,-0.05872567,-0.04561659,0.05825188
200911,-0.03036448,-0.00661368,0.00175272
200912,0.12456049,-0.0034579,0.02792747
201001,0.06033164,0.10777508,-0.01312904
201002,0.01792407,0.03365776,0.00103853
201003,0.01577792,0.02662148,-0.05931165
201004,-0.04561673,-0.03569822,0.00059144
201005,-0.07652077,-0.02301166,-0.02542251
201006,-0.05557535,0.01230303,0.0085272
201007,-0.00952006,0.0090386,0.02935181
201008,0.00480037,0.02726437,0.04342501
201009,-0.03409728,0.07509096,0.02088109
201010,-0.04433959,-0.05277545,0.02922259
201011,-0.00990716,0.00418249,0.01309893
201012,0.02141666,0.06894874,0.02466758
201101,-0.00685465,-0.00074642,0.00912671
201102,-0.01123957,0.00318052,0.00634893
201103,-0.02567521,-0.01562764,0.01336715
201104,0.00993066,0.02274159,-0.03187047
201105,0.01789547,0.02194265,-0.01160846
201106,-0.00844957,0.02546606,-0.00993878
201107,-0.01325638,0.01482906,-0.00141177
201108,-0.05093781,-0.04893459,-0.04381501
201109,0.01193896,0.0284172,-0.05270066
201110,-0.04258561,0.02506204,0.08660555
201111,-0.09575724,-0.02663915,0.04932811
201112,0.01039314,0.05224584,-0.0340499
201201,0.019614,0.05269655,-0.02030348
201202,0.03187007,0.00835147,0.01844992
201203,-0.01880475,-0.00972002,-0.06725671
201204,0.0093632,-0.01507626,-0.00894496
201205,0.08314777,-0.00879761,0.00274035
201206,0.01796502,-0.00455595,-0.00552748
201207,0.01653569,0.09860331,0.00354745
201208,-0.04175661,-0.02238095,-0.00588594
201209,0.04719894,0.03593622,-0.0175156
201210,-0.03322473,-0.04318065,-0.01145782
201211,-0.01280514,-0.05983365,-0.01605738
201212,0.01040511,0.02805487,0.0122714
201301,0.01550051,0.02656541,-0.02241316
201302,-0.02513837,-0.01735219,-0.01142783
201303,0.02615192,0.07201139,0.0089536
201304,-0.00236985,-0.01675704,-0.03269508
201305,-0.00284092,0.01046933,0.00147532
201306,-0.00381091,0.04159891,-0.01551438
201307,-0.01612172,0.00782094,0.00576896
201308,-0.0370327,0.00544622,0.01235653
201309,-0.03881538,-0.02262508,-0.01703094
201310,0.05295408,0.09519746,-0.01670258
201311,-0.08810932,0.02049133,-0.02429037
201312,0.03035995,0.01630812,-0.00454938
201401,-0.00932867,0.01811444,0.02980479
201402,0.02996242,0.03277027,-0.00853254
201403,-0.00309632,0.02230025,0.02379689
201404,-0.00645909,-0.0083031,-0.04826221
201405,-0.07069496,-0.02357962,0.00109076
201406,0.04038718,0.07535293,0.01138341
201407,0.02417933,0.03488028,-0.00551436
201408,-0.00256711,-0.00409873,0.00313499
201409,-0.01228508,0.00075982,0.01642465
201410,0.03561972,0.05547545,0.03965665
201411,-0.03749965,-0.02166874,-0.01754034
201412,0.03524043,0.05769133,0.02349823
201501,0.00004407,0.02378865,-0.0178624
201502,-0.01480861,-0.00049006,-0.01565885
201503,-0.04164266,-0.01623365,0.00279148
201504,-0.00293331,0.02557821,0.00373068
201505,0.02202379,0.02081895,0.03365793
201506,0.00042569,0.01030945,0.01544575
201507,0.02226912,0.02200317,0.00957328
201508,0.02501838,0.0601634,0.00146809
201509,-0.1062707,-0.07798533,0.00564307
201510,0.00819464,0.0790912,-0.06160902
201511,-0.07021659,-0.0319483,0.03703496
201512,-0.01010178,-0.01831046,-0.0040045
201601,-0.04580271,-0.00019983,-0.04157984
201602,0.00311866,0.05004987,-0.02347005
201603,-0.02160505,0.00330429,-0.01762153
201604,0.0689244,0.09059345,0.01952463
201605,-0.04369155,-0.06158232,-0.00610485
201606,-0.02275319,-0.02922843,0.0202397
201607,0.02293512,0.0102579,-0.01309293
201608,0.00713027,-0.02607984,0.0074257
201609,-0.0410248,-0.03435632,0.02387024
201610,0.0641776,0.08950348,-0.01023646
201611,-0.07639944,-0.02317901,0.02186405
201612,-0.00647027,0.04855845,-0.02705536
201701,0.05773183,0.0647739,0.00668837
201702,-0.07793824,-0.0343965,-0.04730541
201703,-0.00530811,-0.01826608,-0.03587703
201704,-0.02071605,0.02472681,-0.01797413
201705,0.08107068,0.06070979,-0.02519983
201706,0.04184214,0.02866165,0.00620394
201707,-0.01862137,0.01320821,0.01260992
201708,0.04040878,0.07362424,-0.02407088
201709,0.04808639,0.05245497,-0.00289446
201710,0.02618233,0.02893863,-0.03795454
201711,0.03718817,0.02067533,0.00666178
201712,0.03732281,0.04283277,0.0402975
201801,-0.05284669,-0.0122891,-0.00800416
201802,0.00643239,0.03264275,0.02982587
201803,0.02948689,0.08470795,0.00271736
201804,-0.08113487,-0.01592887,0.03451908
201805,0.02550894,0.08499181,0.03991154
201806,0.10176209,0.13062655,0.00301034
201807,-0.02156328,-0.02510385,-0.00367158
201808,0.09000857,0.0387673,-0.01353859
201809,-0.0392998,0.05995685,0.01017966
201810,-0.06728545,-0.0305401,-0.01513475
201811,0.01554431,0.04035002,0.03768103
201812,-0.06527724,-0.04097526,0.00496719
201901,-0.03279298,-0.03102933,0.03887832
201902,0.03807904,0.11626052,-0.00364204
201903,-0.00401088,0.00968746,-0.00402195
201904,0.02879644,0.05596905,-0.02596204
201905,-0.01985795,-0.01491522,-0.01266036
201906,-0.08816902,-0.05591558,-0.02405515
201907,0.07225681,0.06917281,-0.01033034
201908,0.04868492,0.02267722,-0.01494302
201909,-0.04750634,-0.02701893,-0.04111937
201910,-0.06771359,0.0007154,-0.00162685
201911,-0.05009118,0.03575425,0.01097595
201912,-0.01635996,0.02798526,0.0020769
